tree
version=v4
num_class=1
num_tree_per_iteration=1
label_index=0
max_feature_idx=3
objective=binary sigmoid:1
feature_names=mean_slope_deg mean_curvature swi_mm rainfall_24h_mm
feature_infos=[5.0923509034696801:44.964189218969544] [-0.060952651307055079:0.058284892968308397] [23.788723466277649:799.52422848133097] [0.12846073997474505:199.88178507753426]
tree_sizes=2165 2199 2205 2212 2208 2209 2227 2216 2226 2219 2228 2235 2217 2209 2222 2232 2231 2221 2224 2217 2223 2218 2223 2227 2223 2224 2224 2216 2221 2236 2226 2227 2221 2227 2224 2224 2229 2235 2226 2230 2243 2216 2242 2227 2225 2231 2223 2244 2235 2242 2226 2240 2243 2237 2233 2257 2242 2237 2247 2234 2238 2228 2241 2242 2235 2248 2251 2241 2250 2253 2242 2259 2250 2263 2246 2246 2234 2239 2249 2237 2237 2245 2247 2254 2253 2235 2249 2237 2238 2242 2231 2241 2237 2247 2240 2240 2236 2255 2235 2248

Tree=0
num_leaves=20
num_cat=0
split_feature=2 0 0 1 2 3 3 2 3 3 0 3 0 1 2 1 1 2 0
split_gain=74.9082 25.8345 21.6985 11.6415 9.99642 8.6245 7.44895 5.71888 5.67896 5.10063 5.17958 5.06493 5.00076 4.74298 4.48447 4.23862 3.88434 3.6865 3.37976
threshold=485.33686541895889 27.896873279849746 27.303531775477243 0.018569966001785544 194.63404045531863 95.630547913635425 184.89089378928264 577.58984485109966 46.88979416726557 93.700774425760159 36.969164775071157 99.56646882527717 18.355355976595682 0.0036167816088781787 713.0547753276295 -0.012324858281828022 -0.010602488112556077 180.14665496062401 39.134282609728537
decision_type=2 2 2 2 2 2 2 2 2 2 2 2 2 2 2 2 2 2 2
left_child=1 6 5 4 18 13 12 11 -9 10 -6 -4 -1 15 -7 -2 -10 -14 -3
right_child=2 3 7 -5 9 14 -8 8 16 -11 -12 -13 17 -15 -16 -17 -18 -19 -20
leaf_value=-0.68103893442055563 -0.62270221283698812 -0.66266225045448468 -0.54211613697503669 -0.67084454387140069 -0.64818397595539168 -0.59538489898547919 -0.60605219716303127 -0.58607217835428305 -0.56409415766465987 -0.56625593019150799 -0.58252733630756959 -0.6135447042163118 -0.67814226502702835 -0.59900042581876711 -0.53897641973366206 -0.6854965576644827 -0.5110678220325533 -0.63691685308400803 -0.60805019904390611
leaf_weight=36.85500106215477 6.1425001770257959 7.5075002163648588 4.5500001311302167 7.9625002294778815 5.2325001507997531 13.422500386834146 5.0050001442432395 4.5500001311302212 4.5500001311302212 13.877500399947165 7.0525002032518387 5.4600001573562622 8.417500242590906 7.7350002229213706 4.7775001376867285 4.7775001376867303 14.332500413060187 15.24250043928623 4.5500001311302185
leaf_count=162 27 33 20 35 23 59 22 20 20 61 31 24 37 34 21 21 63 67 20
internal_value=-0.619039 -0.644486 -0.578604 -0.615845 -0.604387 -0.605066 -0.664674 -0.549442 -0.535928 -0.587028 -0.610492 -0.581077 -0.669523 -0.628956 -0.580578 -0.650175 -0.523845 -0.651584 -0.642054
internal_weight=182 111.703 70.2975 46.1825 38.22 36.855 65.52 33.4425 23.4325 26.1625 12.285 10.01 60.515 18.655 18.2 10.92 18.8825 23.66 12.0575
internal_count=800 491 309 203 168 162 288 147 103 115 54 44 266 82 80 48 83 104 53
is_linear=0
shrinkage=1


Tree=1
num_leaves=20
num_cat=0
split_feature=2 0 0 1 2 3 3 2 3 0 3 3 1 1 0 3 2 2 3
split_gain=67.3284 23.8181 18.8887 10.6227 8.96003 7.68696 6.90417 4.88743 4.82724 4.73064 4.53183 4.41264 4.3113 3.95365 3.91704 5.48304 3.88286 3.50992 3.52979
threshold=485.33686541895889 27.896873279849746 27.303531775477243 0.018569966001785544 194.63404045531863 95.630547913635425 184.89089378928264 577.58984485109966 46.88979416726557 18.355355976595682 51.934200690594139 99.56646882527717 0.0036167816088781787 -0.012324858281828022 37.944945621475462 122.6829596294442 713.0547753276295 653.67718182011788 128.03913182606382
decision_type=2 2 2 2 2 2 2 2 2 2 2 2 2 2 2 2 2 2 2
left_child=1 6 5 4 -3 12 9 11 -9 -1 -6 -4 13 -2 15 -12 -7 -10 -19
right_child=2 3 7 -5 10 16 -8 8 17 -11 14 -13 -14 -15 -16 -17 -18 18 -20
leaf_value=-0.06008781357294022 -0.0034837918246619832 -0.022030322125544781 0.071464726602625275 -0.050037174799668828 -0.0065785674248671506 0.022311416139972035 0.012288905399649126 0.03101019021113334 0.11865799881761874 -0.031241321193544776 -0.013601181706931767 0.0052109942501962414 0.018921509298024261 -0.064504861456857715 0.066298723674797153 0.056908465919896616 0.07431833291529473 0.052372387126373612 0.10556295884246579
leaf_weight=36.144412279129028 6.1357349753379831 11.971596017479895 4.6499100327491742 7.8349465131759635 6.3802235871553448 13.516363933682443 5.0243451297283164 4.5940834283828762 6.3050659298896816 23.422904148697853 5.4853907972574252 5.4689698219299316 7.780927598476409 4.678521841764451 8.9947449415922147 5.5436139106750488 4.8864522725343695 7.9488309025764448 5.1332619339227676
leaf_count=162 27 53 20 35 28 59 22 20 27 104 24 24 34 21 39 24 21 34 22
internal_value=-2.20735e-05 -0.0243894 0.0379529 0.00301796 0.01385 0.0132111 -0.0439973 0.0647973 0.0770932 -0.0487449 0.0301181 0.0356564 -0.00946138 -0.0298831 0.0418109 0.0218398 0.0361207 0.0880133 0.0732438
internal_weight=181.9 110.802 71.0981 46.2105 38.3756 36.998 64.5917 34.1001 23.9812 59.5673 26.404 10.1189 18.5952 10.8143 20.0237 11.029 18.4028 19.3872 13.0821
internal_count=800 491 309 203 168 162 288 147 103 266 115 44 82 48 87 48 80 83 56
is_linear=0
shrinkage=0.05


Tree=2
num_leaves=20
num_cat=0
split_feature=2 0 0 1 2 3 3 2 0 2 1 3 3 2 0 3 1 3 3
split_gain=60.6289 21.9693 16.5584 9.70095 8.03872 7.21408 6.40476 6.0192 4.49219 4.22801 4.77945 4.01698 3.86945 3.48624 3.41218 4.86137 3.34294 3.29147 2.83181
threshold=485.33686541895889 27.896873279849746 27.303531775477243 0.018569966001785544 194.63404045531863 182.9996181461394 184.89089378928264 721.40199821239241 18.355355976595682 577.58984485109966 -0.010602488112556077 51.934200690594139 99.56646882527717 180.14665496062401 37.944945621475462 122.6829596294442 -0.014497340414161763 104.27443125562012 98.281670575273992
decision_type=2 2 2 2 2 2 2 2 2 2 2 2 2 2 2 2 2 2 2
left_child=1 6 5 4 16 7 8 18 -1 12 -11 -6 -4 -10 15 -13 -3 -12 -2
right_child=2 3 9 -5 11 -7 -8 -9 13 10 17 14 -14 -15 -16 -17 -18 -19 -20
leaf_value=-0.058296848178005768 -0.022114737481403982 0.01289679896166792 0.066667359931401438 -0.048358631771001456 -0.0062622456295148192 0.067665583100271307 0.011631648610957293 0.0432995039063837 -0.05625405075943514 0.033631437458858042 0.062440817982290946 -0.012974471638912159 0.004942602754939792 -0.015677913817089138 0.061866348230881579 0.05323976552716031 -0.041768900279665143 0.10489716129932253 0.012459435293686233
leaf_weight=35.410803705453873 14.696639448404317 4.4997676759958267 4.7330197691917402 7.7048914879560462 6.3677057772874859 5.1106223762035361 5.0423614382743827 7.379876270890235 8.1773644685745257 6.1232144534587887 8.721445709466936 5.4634094238281268 5.4774209260940552 15.011337041854857 9.152901887893675 5.6270760297775269 7.3889722377061826 9.5788921564817411 9.9199739247560483
leaf_count=162 65 20 20 35 28 22 22 32 37 26 37 24 24 67 39 24 33 40 43
internal_value=-4.0197e-05 -0.0233886 0.0357098 0.00285437 0.0131035 0.0125028 -0.0424413 0.00369197 -0.0470942 0.0605739 0.0718694 0.0283746 0.0335549 -0.0299869 0.0392699 0.0206212 -0.0210785 0.0846636 -0.00818208
internal_weight=181.588 109.847 71.7411 46.2047 38.4998 37.1071 63.6419 31.9965 58.5995 34.634 24.4236 26.6111 10.2104 23.1887 20.2434 11.0905 11.8887 18.3003 24.6166
internal_count=800 491 309 203 168 162 288 140 266 147 103 115 44 104 87 48 53 77 108
is_linear=0
shrinkage=0.05


Tree=3
num_leaves=20
num_cat=0
split_feature=2 0 0 1 2 3 3 3 2 0 2 1 2 3 3 2 0 0 3
split_gain=54.6797 20.274 14.6109 8.89493 9.23592 6.63238 6.37025 5.97274 5.45265 3.8057 3.69476 4.16184 3.6155 3.41188 2.8611 2.49974 5.98424 2.23723 1.87269
threshold=485.33686541895889 27.896873279849746 27.303531775477243 -0.027553249323682336 192.98890302659296 69.138751955080792 182.9996181461394 173.38476632704737 706.80129234491403 17.642864073096728 577.58984485109966 -0.010602488112556077 280.69670368716481 99.56646882527717 104.27443125562012 345.72404381937343 37.035115363834585 38.54099899074194 98.281670575273992
decision_type=2 2 2 2 2 2 2 2 2 2 2 2 2 2 2 2 2 2 2
left_child=1 7 6 -3 -5 17 8 9 18 -1 13 -12 -11 -4 -13 -7 -17 -6 -2
right_child=2 3 10 4 5 15 -8 -9 -10 12 11 14 -14 -15 -16 16 -18 -19 -20
leaf_value=-0.058171708928222848 -0.021206842353031004 0.063748390540479385 0.062407479661272608 -0.041730172263438899 -0.045593114934454171 0.052191586460379726 0.06317933529931978 -0.00027867158345688819 0.036336253328661555 -0.046662218472320667 0.031695227441395017 0.058479467470697447 -0.0059380049281927711 0.0046884748912033635 0.097743029304371218 -0.014825627057586891 0.057948102472074318 0.0013753776377027917 0.0079092009303905614
leaf_weight=31.451610624790192 13.696685448288919 5.2839693874120703 4.8014193773269636 12.152061790227888 5.1019895523786563 6.7880012243986156 5.1974739730358115 7.8853468298912039 9.0636440962553007 14.659136176109316 6.1711246818304089 8.8433002084493655 8.675535172224043 5.4853856563568115 9.7609042674303037 7.1055531203746778 4.6890543103218079 5.0397967994213104 9.2536765336990339
leaf_count=147 61 23 20 55 23 29 22 35 39 67 26 37 39 24 40 31 20 22 40
internal_value=-5.53288e-05 -0.022444 0.0336583 0.0027016 -0.00518972 0.010269 0.0118361 -0.0409649 0.00350049 -0.0468208 0.0568183 0.0672769 -0.0315215 0.0316291 0.0790795 0.0280184 0.0141062 -0.0222529 -0.00946714
internal_weight=181.106 108.832 72.2736 46.1604 40.8765 28.7244 37.2115 62.6716 32.014 54.7863 35.0621 24.7753 23.3347 10.2868 18.6042 18.5826 11.7946 10.1418 22.9504
internal_count=800 491 309 203 180 125 162 288 140 253 147 103 106 44 77 80 51 45 101
is_linear=0
shrinkage=0.05


Tree=4
num_leaves=20
num_cat=0
split_feature=2 0 0 2 2 3 1 3 2 1 3 2 3 1 3 0 2 3 2
split_gain=49.6397 16.7429 14.11 9.80159 6.6268 5.10438 4.85658 4.71423 4.58513 6.87417 6.00038 4.48127 3.97284 3.81602 3.73587 3.3939 6.15992 3.44612 2.90965
threshold=460.43804470154515 19.051147830787659 27.303531775477243 180.14665496062401 721.40199821239241 51.934200690594139 -0.017948995356921536 141.85640289075306 577.58984485109966 0.016690436761988513 99.56646882527717 280.69670368716481 102.0922780046282 0.0036167816088781787 46.88979416726557 37.944945621475462 345.72404381937343 129.60573061773053 653.67718182011788
decision_type=2 2 2 2 2 2 2 2 2 2 2 2 2 2 2 2 2 2 2
left_child=1 7 4 6 12 11 -3 -1 9 10 -4 -5 13 -2 -10 16 -7 -18 -16
right_child=2 3 8 5 -6 15 -8 -9 14 -11 -12 -13 -14 -15 18 -17 17 -19 -20
leaf_value=-0.061843745050941895 -0.039047435753334053 0.0066077931844030525 0.091585909228242002 -0.056366352603470532 0.046124264330037246 0.03104164574712236 -0.05054451629106628 -0.02076249071470071 0.023311874349015386 -0.023057842110462152 0.016087466015877405 0.0034440922749798398 0.016545396479415896 0.009182746237170511 0.09973564250856698 0.041508918123069644 -0.049091699518135419 0.0093873856134338712 0.059365745047716578
leaf_weight=26.397575825452805 9.8931496143341118 4.8860583156347301 4.8253188580274564 5.3290237933397275 8.9900338351726514 11.091676160693174 15.53667216002941 9.4952723383903486 4.7536630034446743 4.5484505891799918 5.789158508181572 7.5953852087259293 14.616111576557158 7.0052649974822989 6.6296535581350353 9.2741062790155393 5.6073148101568204 4.5744284093379974 13.659890830516813
leaf_count=126 45 22 20 24 38 49 72 44 20 20 25 34 63 31 27 39 25 20 56
internal_value=-6.81768e-05 -0.0236499 0.0290873 -0.00829951 0.00825866 0.00512314 -0.036871 -0.0509759 0.0500706 0.0283709 0.0504089 -0.0212171 -0.00254312 -0.0190535 0.0632091 0.0162675 0.00526353 -0.0228184 0.0725567
internal_weight=180.498 99.7875 80.7107 63.8947 40.5046 43.4719 20.4227 35.8928 40.2061 15.1629 10.6145 12.9244 31.5145 16.8984 25.0432 30.5475 21.2734 10.1817 20.2895
internal_count=800 455 345 285 177 191 94 170 168 65 45 58 139 76 103 133 94 45 83
is_linear=0
shrinkage=0.05


Tree=5
num_leaves=20
num_cat=0
split_feature=2 0 0 2 2 3 1 3 2 2 1 3 1 3 1 0 2 3 3
split_gain=44.93 15.6334 12.5798 8.98461 5.91234 4.61303 4.52278 4.51159 4.15261 4.07009 6.13893 5.28164 3.66336 3.59579 3.50562 3.02382 5.54037 3.17682 2.46749
threshold=460.43804470154515 19.051147830787659 27.303531775477243 180.14665496062401 721.40199821239241 51.934200690594139 -0.017948995356921536 141.85640289075306 280.69670368716481 577.58984485109966 0.016690436761988513 99.56646882527717 -0.010602488112556077 102.0922780046282 0.0036167816088781787 37.944945621475462 345.72404381937343 129.60573061773053 128.03913182606382
decision_type=2 2 2 2 2 2 2 2 2 2 2 2 2 2 2 2 2 2 2
left_child=1 7 4 6 13 8 -3 -1 -5 10 11 -4 -11 14 -2 16 -7 -18 -14
right_child=2 3 9 5 -6 15 -8 -9 -10 12 -12 -13 18 -15 -16 -17 17 -19 -20
leaf_value=-0.060319471641030353 -0.037623490762209999 0.0062634274791797786 0.085696766597264357 -0.054624716459527538 0.043376739507979732 0.029216208812083838 -0.04897211237078393 -0.019879857208599826 0.0032681477341405573 0.026468688014359445 -0.022056712235912913 0.015216466312593975 0.05865228348415942 0.015648993926279223 0.008698468546471742 0.039091877896772438 -0.047418692900536456 0.0088938499460521573 0.097937022679892516
leaf_weight=25.728458940982819 9.7576934993267113 4.8966800868511227 4.897071644663809 5.2266048491001111 9.0790936648845655 11.192750558257108 15.241322755813597 9.4228889197111112 7.6038519591093063 6.2846758812665966 4.5179485380649558 5.8138510584831238 13.23459939658642 14.679012849926947 7.0249883383512488 9.3530200421810132 5.517205134034155 4.5865371823310852 5.7267135530710211
leaf_count=126 45 22 20 24 38 49 72 44 34 26 20 25 54 63 31 39 25 20 23
internal_value=-7.99842e-05 -0.0227178 0.0275187 -0.00793126 0.00783215 0.00485646 -0.0355412 -0.049479 -0.020315 0.0472373 0.0268226 0.0474403 0.0595518 -0.00242517 -0.0182338 0.0153937 0.00498594 -0.0218559 0.0705171
internal_weight=179.785 98.7693 81.0156 63.618 40.5408 43.48 20.138 35.1513 12.8305 40.4749 15.2289 10.7109 25.246 31.4617 16.7827 30.6495 21.2965 10.1037 18.9613
internal_count=800 455 345 285 177 191 94 170 58 168 65 45 103 139 76 133 94 45 77
is_linear=0
shrinkage=0.05


Tree=6
num_leaves=20
num_cat=0
split_feature=2 0 0 1 2 3 2 0 2 1 3 3 2 3 0 2 1 1 1
split_gain=40.7591 13.4514 12.8079 7.14849 6.72923 6.70306 5.59101 4.53377 4.4793 4.26103 4.05604 3.95033 3.44482 3.3765 3.24029 3.22872 3.72419 5.57846 2.90196
threshold=449.75134264663387 28.621300900938305 25.222428290482625 -0.027553249323682336 192.98890302659296 141.16934429178249 721.40199821239241 8.6432346561666176 579.57749385116551 -0.0078981699687286546 46.88979416726557 158.38705326208472 653.67718182011788 77.339105188884773 18.355355976595682 407.50038991222124 -0.0003045367626227178 0.010017681094465885 -0.0011953449242721914
decision_type=2 2 2 2 2 2 2 2 2 2 2 2 2 2 2 2 2 2 2
left_child=1 5 6 -3 -5 14 7 -2 9 -4 -10 -9 -12 -11 -1 16 -6 -18 -7
right_child=2 3 8 4 15 18 -8 11 10 13 12 -13 -14 -15 -16 -17 17 -19 -20
leaf_value=-0.060319964396444173 -0.052717945455739205 0.05520957796293622 0.063035787213070515 -0.040112479426421987 -0.0069380108837278536 0.015419268672648957 0.040224095082000651 -0.0084638183154281676 0.015644300936789389 -0.025701085737510537 0.093866964115649223 0.038191235459161095 0.051758323967196512 0.02774150718121365 -0.032419676422907266 -0.027674057806558468 0.077809105702200163 -7.364424332687864e-05 -0.029369016713690816
leaf_weight=23.623582169413567 4.407119199633601 5.1481797546148291 5.0331298410892513 10.989659771323202 8.0063953101634997 6.7220766544342041 8.4196546971797925 19.934531643986706 5.0314527899026897 4.5776125192642203 7.1750918775796917 5.8739891201257697 15.033231943845747 8.340459465980528 18.600207477807999 4.992334157228469 4.6983598470687884 4.5025056153535843 7.8285038173198682
leaf_count=119 20 22 21 52 34 31 35 89 21 20 29 25 61 36 87 22 20 20 36
internal_value=-8.96984e-05 -0.0224926 0.0253293 0.000389784 -0.00811364 -0.0379441 0.0041918 -0.00584868 0.0434004 0.0240092 0.0561793 0.00215482 0.0653628 0.00880374 -0.0480295 0.00772703 0.0179979 0.0396967 -0.00867773
internal_weight=178.938 95.1118 83.8263 38.3374 33.1893 56.7744 38.6353 30.2156 45.191 17.9512 27.2398 25.8085 22.2083 12.9181 42.2238 22.1996 17.2073 9.20087 14.5506
internal_count=800 443 357 170 148 273 169 134 188 77 111 114 90 56 206 96 74 40 67
is_linear=0
shrinkage=0.05


Tree=7
num_leaves=20
num_cat=0
split_feature=2 0 0 2 2 3 0 3 2 1 3 0 3 2 3 1 2 2 0
split_gain=36.9525 12.5047 11.4699 7.27529 5.0116 4.41794 4.17461 4.03852 5.54085 4.03049 3.53847 3.37475 4.09863 3.26529 3.20979 4.57644 2.79291 3.11883 2.34073
threshold=449.75134264663387 19.051147830787659 25.222428290482625 180.14665496062401 721.40199821239241 141.85640289075306 8.6432346561666176 42.241471446702313 579.57749385116551 -0.017948995356921536 158.38705326208472 42.720869287312205 69.138751955080792 244.35999306881848 135.30859534788888 0.0089999901476838038 653.67718182011788 698.2279878083408 20.782660344373081
decision_type=2 2 2 2 2 2 2 2 2 2 2 2 2 2 2 2 2 2 2
left_child=1 5 4 9 6 -1 -2 -4 14 -3 18 12 -5 -14 15 -9 -10 -18 -8
right_child=2 3 7 11 -6 -7 10 8 16 -11 -12 -13 13 -15 -16 -17 17 -19 -20
leaf_value=-0.057451398483758159 -0.051017722272969017 0.0060144577571037833 0.0051945482339436685 -0.023387530394633222 0.037935701971836558 -0.016263110914263797 0.0020723278489415096 0.070469815781614487 0.088806345094720934 -0.046349822484483341 0.03595858361900664 0.041292014498772983 0.046500205861881583 0.0010542237043631162 -0.0089892036646420839 0.0058435336915652909 0.018365348457139594 0.06641386345192006 -0.037104398532333493
leaf_weight=24.184713125228882 4.3283111751079586 4.8977243751287487 6.6938538551330558 13.617414847016333 8.4795602560043317 8.9086719006299955 14.737842053174978 5.7403792887926084 7.2038685828447369 14.716464504599569 5.9253863394260398 5.2164315581321707 5.1102929860353496 17.445369064807892 4.9140200912952414 5.2398823499679565 4.9481290727853766 10.638731867074965 5.1432992964982978
leaf_count=125 20 22 28 62 35 42 66 24 29 72 25 22 22 76 21 23 20 43 23
internal_value=-9.8174e-05 -0.0216164 0.0240085 -0.00819144 0.00397853 -0.0463636 -0.00557658 0.0410527 0.0472574 -0.0332743 0.00204487 0.00369515 -0.00172661 0.0113506 0.0245981 0.0396296 0.06306 0.0511606 -0.00806279
internal_weight=178.09 94.0971 83.9933 61.0037 38.6144 33.0934 30.1348 45.3789 38.685 19.6142 25.8065 41.3895 36.1731 22.5557 15.8943 10.9803 22.7907 15.5869 19.8811
internal_count=800 443 357 276 169 167 134 188 160 94 114 182 160 98 68 47 92 63 89
is_linear=0
shrinkage=0.05


Tree=8
num_leaves=20
num_cat=0
split_feature=2 0 0 1 1 3 1 1 2 1 3 0 2 2 2 2 2 1 3
split_gain=33.6689 14.4908 8.26358 7.61816 5.08362 4.99772 4.80618 4.67603 5.10553 3.74323 3.95416 3.3782 3.34992 3.16978 3.38564 2.19818 2.0857 3.32138 2.34291
threshold=485.33686541895889 27.896873279849746 27.303531775477243 0.018569966001785544 -0.022648756049161032 184.89089378928264 -0.0043491085165333317 -0.027553249323682336 194.63404045531863 -0.0003045367626227178 93.700774425760159 17.642864073096728 280.69670368716481 706.80129234491403 601.61596684028154 347.69610373269785 577.58984485109966 -0.010602488112556077 99.56646882527717
decision_type=2 2 2 2 2 2 2 2 2 2 2 2 2 2 2 2 2 2 2
left_child=1 5 4 7 -2 11 -6 -3 -9 10 -10 -1 -13 14 -8 -11 18 -18 -4
right_child=2 3 16 -5 6 -7 13 8 9 15 -12 12 -14 -15 -16 -17 17 -19 -20
leaf_value=-0.050745533113486591 0.053363939299211571 0.054433705984021134 0.049228763860546552 -0.044143773255721837 -0.024888107996072502 0.012777178123941583 0.029848267889098702 -0.027312938766863738 -0.037453002163403769 0.060586425635154997 0.019757855798841033 -0.041349254300324496 -0.003126920835249992 0.048124895906719367 -0.017641166346489903 0.015409139515159315 0.019430170250850004 0.061068626853360765 0.0019141532874008497
leaf_weight=29.568411991000175 5.5813250988721839 5.457821622490882 4.9377326816320402 7.3037692010402671 11.117177173495294 5.0041445046663275 6.8956111073493984 9.131460562348364 4.7966033816337577 5.4971477091312426 8.1551519036293012 13.709380000829698 9.8519446104764921 5.5681654065847388 8.2352730482816678 5.277490645647049 6.3910599350929287 19.108878523111343 5.5653925687074661
leaf_count=154 24 23 20 35 49 22 30 44 21 23 34 67 45 23 36 23 26 77 24
internal_value=-0.000104732 -0.0184388 0.0258108 0.00265505 0.00934996 -0.0349917 0.00162886 0.0115759 0.00445702 0.0166842 -0.00142984 -0.0394909 -0.0253669 0.0158708 0.00400124 0.0384583 0.0429092 0.0506328 0.0241577
internal_weight=177.154 103.753 73.4006 45.6194 37.3976 58.1339 31.8162 38.3157 32.8579 23.7264 12.9518 53.1297 23.5613 20.699 15.1309 10.7746 36.0031 25.4999 10.5031
internal_count=800 491 309 203 162 288 138 168 145 101 55 266 112 89 66 46 147 103 44
is_linear=0
shrinkage=0.05


Tree=9
num_leaves=20
num_cat=0
split_feature=2 0 0 3 2 2 0 1 1 3 0 3 2 0 1 1 0 3 3
split_gain=30.9247 11.3494 8.36251 6.29494 5.02617 4.76318 4.32828 4.13942 5.31635 3.34944 3.0089 2.55761 2.45307 2.19473 1.96616 1.96236 1.94092 3.0444 2.59568
threshold=427.00035306113153 28.621300900938305 29.518466930379791 141.16934429178249 721.40199821239241 276.56336486573281 8.6432346561666176 0.012607777773716985 -0.0003045367626227178 160.82930261397553 41.84055339565284 90.206101117325858 496.16243622244627 37.944945621475462 -0.0011953449242721914 -0.011319336639360451 18.355355976595682 35.427460551484955 81.920341341338357
decision_type=2 2 2 2 2 2 2 2 2 2 2 2 2 2 2 2 2 2 2
left_child=1 3 4 16 6 7 -2 8 11 -8 12 -3 -4 -7 -5 -14 -1 -18 -19
right_child=2 5 10 14 -6 13 9 -9 -10 -11 -12 -13 15 -15 -16 -17 17 18 -20
leaf_value=-0.05646266344756018 -0.049190968560944064 -0.047073204267500501 0.00055112844855284538 0.013863563855267345 0.038670832145625444 0.007290749356226079 -0.0031182362376166793 -0.052665043263622646 0.040573724340622425 0.036370103075626353 0.064272974520380013 0.0035018465438420572 0.013332882743150155 0.047469856361152238 -0.024416935676320958 0.044708471527963589 -0.069766261976592567 0.0055579725935300701 -0.039916478989971471
leaf_weight=21.224100187420845 4.2244927734136573 5.1218939274549466 5.6516719162464133 6.2656120657920837 9.7889765650033933 8.6949355751275998 28.203631713986397 5.3027314394712439 5.0421764254570034 6.6329114437103263 8.270221605896948 4.8829296231269836 6.6533072888851157 5.5798791795969001 7.2190442234277707 19.856532871723179 4.441212177276614 5.2031998783349973 7.9062514156103134
leaf_count=116 20 23 25 29 40 38 126 26 23 28 34 22 27 23 34 81 22 25 38
internal_value=-0.000110974 -0.021347 0.0205548 -0.0360565 0.00663326 0.000854171 -0.00139558 -0.014678 -0.00129094 0.00440038 0.0373748 -0.0223897 0.0304581 0.0229964 -0.00663 0.036834 -0.0462901 -0.0339883 -0.0218675
internal_weight=176.166 86.884 89.2817 52.2594 48.85 34.6245 39.061 20.3497 15.047 34.8365 40.4317 10.0048 32.1615 14.2748 13.4847 26.5098 38.7748 17.5507 13.1095
internal_count=800 419 381 264 214 155 174 94 68 154 167 45 133 61 63 108 201 85 63
is_linear=0
shrinkage=0.05


Tree=10
num_leaves=20
num_cat=0
split_feature=2 0 0 3 1 2 2 0 3 3 1 3 2 1 1 2 1 0 3
split_gain=28.0851 10.5234 7.51496 5.94852 4.79181 5.51461 4.51166 3.98066 3.00047 2.71827 5.46015 2.45905 3.00473 2.77337 2.25021 2.24267 2.10974 1.90786 2.91437
threshold=427.00035306113153 28.621300900938305 29.518466930379791 141.16934429178249 -0.027553249323682336 192.98890302659296 721.40199821239241 8.6432346561666176 160.82930261397553 77.339105188884773 0.012350049143550808 99.251436461267105 579.57749385116551 0.0075579038915376678 -0.0003045367626227178 105.60021879615933 0.010017681094465885 18.355355976595682 35.427460551484955
decision_type=2 2 2 2 2 2 2 2 2 2 2 2 2 2 2 2 2 2 2
left_child=1 3 6 17 -3 15 7 -2 -9 10 -4 -11 -13 -14 -7 -6 -16 -1 -19
right_child=2 4 9 -5 5 14 -8 8 -10 11 -12 12 13 -15 16 -17 -18 18 -20
leaf_value=-0.055305421005768296 -0.047655880816299276 0.046058776096261841 0.03948796591885418 -0.0063191920227311698 -0.013651574447803625 -0.0092442287609329817 0.036565629267675454 -0.0029651698248351205 0.034309474930980757 0.077280212143567603 -0.024585259487306568 0.013454414711270979 0.034100941882699104 0.082070091201301459 0.045278462579785919 -0.060019882482757303 -0.00055181436985751611 -0.068440402090534175 -0.020970038487622328
leaf_weight=20.600683346390724 4.1445936560630789 5.002278357744216 10.238446503877638 13.448627635836599 5.3920160531997698 8.9106621146202105 9.8337182849645597 28.177258893847466 6.6784954220056525 4.8940395116806057 4.9241461157798758 7.815748959779742 7.6930496841669065 4.9532354176044464 5.7180487662553769 5.0501133948564529 4.477331280708313 4.3043571412563351 12.993101462721823
leaf_count=116 20 21 42 63 27 38 40 126 28 20 21 33 31 20 24 25 20 22 63
internal_value=-0.000117121 -0.0205318 0.0195081 -0.0348877 0.000802991 -0.00685847 0.00629985 -0.0013315 0.00417679 0.035427 0.0186798 0.0454416 0.0378266 0.0528893 0.00911029 -0.0360766 0.025152 -0.0450256 -0.0327827
internal_weight=175.25 85.8972 89.3527 51.3468 34.5504 29.5482 48.8341 39.0003 34.8558 40.5187 15.1626 25.3561 20.462 12.6463 19.106 10.4421 10.1954 37.8981 17.2975
internal_count=800 419 381 264 155 134 214 174 154 167 63 104 84 51 82 52 44 201 85
is_linear=0
shrinkage=0.05


Tree=11
num_leaves=20
num_cat=0
split_feature=2 0 0 2 1 1 1 3 3 3 3 1 0 3 1 1 2 1 1
split_gain=25.5528 10.8982 6.97424 5.45034 4.9356 4.24696 5.37139 3.72468 4.15073 3.69928 2.86637 6.44954 3.66334 3.1036 2.54155 6.40965 4.00897 2.43369 4.64904
threshold=460.43804470154515 18.355355976595682 27.303531775477243 180.14665496062401 -0.017948995356921536 -0.025170738875220495 -0.014497340414161763 89.315726947372823 115.81797940630317 141.85640289075306 65.476149404566655 0.011156156444393174 20.070083076730139 121.94538769418796 -0.018953220326320377 -0.0003045367626227178 319.76776159402272 -0.010754739232601616 0.0015187402070073379
decision_type=2 2 2 2 2 2 2 2 2 2 2 2 2 2 2 2 2 2 2
left_child=1 9 5 4 -3 -2 -7 14 -9 -1 11 -8 13 -12 -5 -16 -17 -10 -19
right_child=2 3 -4 7 -6 6 10 8 17 -11 12 -13 -14 -15 15 16 -18 18 -20
leaf_value=-0.054628805045768558 0.045038568356919349 0.014316412064030252 0.034866916816537842 0.021002225120974567 -0.043225276902191891 -0.053020187683464337 -0.049736626435278868 0.057261199826615594 -0.021236255386355696 -0.016396908809769416 0.063447552164964824 0.027098501774834118 -0.017119021663423464 0.014119177735466965 -0.072520786646760149 0.03167369689447052 -0.028084205002843751 0.049727852431466837 -0.011285341928097195
leaf_weight=20.725242227315906 5.8439071774482718 5.0312221646308926 40.939651444554329 4.5194740295410183 14.371686235070227 4.3465888053178778 5.8716920614242571 5.0669202804565456 5.6265078634023711 9.1074920147657377 4.9180070906877544 5.1063537895679474 5.3697347939014426 9.0683045834302884 4.4325883388519314 5.0338787138462013 6.3432682901620865 6.0735737383365596 6.4249677658081055
leaf_count=120 25 23 168 20 75 20 27 22 24 44 22 22 23 38 21 23 29 26 28
internal_value=-0.000121243 -0.0180665 0.0203116 -0.00626566 -0.0283046 0.00560718 -0.00103725 0.00355987 0.0172547 -0.0429572 0.00641141 -0.0139974 0.0179865 0.0314645 -0.0120634 -0.0215158 -0.00164401 0.00607071 0.0183636
internal_weight=174.221 92.7568 81.4642 62.9241 19.4029 40.5246 34.6807 43.5212 23.192 29.8327 30.3341 10.978 19.356 13.9863 20.3292 15.8097 11.3771 18.125 12.4985
internal_count=800 455 345 291 98 177 152 193 100 164 132 49 83 60 93 73 52 78 54
is_linear=0
shrinkage=0.05


Tree=12
num_leaves=20
num_cat=0
split_feature=2 0 0 2 1 3 3 1 1 2 3 0 3 3 0 3 3 2 1
split_gain=23.33 11.2314 5.5813 5.5082 4.58203 4.06302 3.61961 3.27351 3.9704 2.68791 2.86037 2.64829 3.41651 2.53435 2.06489 1.87598 3.64349 4.01982 2.3363
threshold=485.33686541895889 18.355355976595682 27.303531775477243 180.14665496062401 -0.017948995356921536 182.9996181461394 69.138751955080792 0.011156156444393174 -0.022441994782882498 280.69670368716481 41.840599316941159 19.825154605349006 67.365742646417331 175.43856317435839 18.023361773096585 42.241471446702313 64.889484323590025 562.3278689985865 0.0066133010061278754
decision_type=2 2 2 2 2 2 2 2 2 2 2 2 2 2 2 2 2 2 2
left_child=1 13 5 4 -3 7 9 8 -2 -5 -11 12 -10 -1 -9 -4 -17 -18 -19
right_child=2 3 15 6 -6 -7 -8 14 11 10 -12 -13 -14 -15 -16 16 17 18 -20
leaf_value=-0.046361733229574827 0.029539736791589333 0.013534006248196881 0.0095617666736686167 -0.037766137759860298 -0.041963906375632978 0.047794468271313235 0.014838958437884693 0.0002471256353460632 -0.042772745357556895 0.025873586650826865 -0.023770178255204416 -0.053799201993385649 0.011394951906522609 -0.005233750241410551 0.045431179255598142 0.079470559902847543 0.0025114549768089616 0.031193263666510092 0.068619599451967467
leaf_weight=27.006016150116924 4.9267778992652884 5.0553362816572216 5.9295076280832282 6.9325710833072689 14.071214616298674 5.4089595824480048 30.748596698045731 4.7327956110239011 4.7198253720998817 5.9290282726287824 5.6824681907892227 4.607710823416709 7.5957770347595215 4.3488625884056082 5.4290107935667038 4.9658307582139996 7.701763033866885 10.639472201466562 6.8572485893964759
leaf_count=155 21 23 24 33 75 22 132 20 22 27 26 21 33 20 23 20 32 43 28
internal_value=-0.000128846 -0.0158766 0.0212441 -0.00452024 -0.0272953 0.00771368 0.00431692 0.000941342 -0.00996251 -0.01313 0.00157878 -0.0214626 -0.00936425 -0.0406574 0.024387 0.0352719 0.0403258 0.0326117 0.0458613
internal_weight=173.289 99.7741 73.5147 68.4192 19.1266 37.4209 49.2927 32.0119 21.8501 18.5441 11.6115 16.9233 12.3156 31.3549 10.1618 36.0938 30.1643 25.1985 17.4967
internal_count=800 491 309 316 98 162 218 140 97 86 53 76 55 175 43 147 123 103 71
is_linear=0
shrinkage=0.05


Tree=13
num_leaves=20
num_cat=0
split_feature=2 0 0 2 1 3 1 2 1 0 2 3 3 2 2 2 3 2 1
split_gain=21.2783 8.905 5.75137 5.63343 5.75296 5.33598 3.9874 4.39607 3.8107 3.64113 2.93981 3.32475 2.77256 2.57837 2.26412 2.17779 2.08787 2.05133 1.97957
threshold=427.00035306113153 28.621300900938305 15.036477327635984 711.46234900372963 0.01590770908135402 141.16934429178249 -0.027553249323682336 192.98890302659296 -0.0023466771662685516 37.17505487120097 530.4715283807858 67.365742646417331 104.94786970527755 661.47847320633434 105.60021879615933 603.66831612946544 125.21143409081076 655.66909877645207 -0.0003045367626227178
decision_type=2 2 2 2 2 2 2 2 2 2 2 2 2 2 2 2 2 2 2
left_child=1 5 10 4 9 -1 -3 14 -5 13 -2 -12 -6 15 -8 -4 -11 -13 -9
right_child=2 6 3 8 12 -7 7 18 -10 16 11 17 -14 -15 -16 -17 -18 -19 -20
leaf_value=-0.042095673207440731 -0.03750052910482015 0.042207424283148748 0.013691430036624489 0.022460763189735999 -0.029815759701606173 -0.0049532930096002912 -0.0098907903521617824 -0.0091399161783412477 0.070095982812414054 0.067497041608832242 -0.027824133532365715 0.04598750762647838 0.016662390325008609 -0.01704960544411771 -0.057600593046679777 0.0502689263000375 0.024270682876723779 0.00033919028788902822 0.023121949984290374
leaf_weight=35.644823238253593 5.5488084256649044 5.0624146163463584 16.211690232157714 7.6061212122440365 8.5040248930454236 13.26948246359825 5.1774409115314501 8.8681096136569995 9.37115231156349 6.5809167176485044 5.0613280385732642 4.687362924218176 5.1529065221548072 4.9736789017915717 4.7848410308361053 5.433188945055007 4.853847861289978 5.18171526491642 10.251075848937033
leaf_count=201 27 21 70 31 37 63 27 38 38 27 23 20 22 21 25 23 20 22 44
internal_value=-0.000131705 -0.0183413 0.0168304 0.0237642 0.0155595 -0.0320197 0.00125422 -0.00587479 0.0487546 0.0255505 -0.00642567 0.00512315 -0.0122791 0.0154134 -0.0328056 0.0228729 0.0491482 0.0220201 0.00815783
internal_weight=172.225 83.0582 89.1667 68.6875 51.7103 48.9143 34.1439 29.0815 16.9773 38.0533 20.4792 14.9304 13.6569 26.6186 9.96228 21.6449 11.4348 9.86908 19.1192
internal_count=800 419 381 289 220 264 155 134 69 161 92 65 59 114 52 93 47 42 82
is_linear=0
shrinkage=0.05


Tree=14
num_leaves=20
num_cat=0
split_feature=2 0 0 1 2 3 1 2 3 3 2 2 3 1 0 2 0 2 2
split_gain=19.3908 8.26218 6.37116 4.01296 4.97261 3.76731 3.49775 3.32873 3.50104 3.29074 3.58671 3.1286 2.90485 3.47105 2.89437 2.83285 4.3427 2.80515 2.61966
threshold=449.75134264663387 18.355355976595682 25.222428290482625 -0.019487671734677938 183.11241247206036 141.85640289075306 -0.010754739232601616 323.43688834576295 129.60573061773053 42.241471446702313 579.57749385116551 706.80129234491403 135.30859534788888 0.0089999901476838038 8.6432346561666176 547.92548084037969 13.420245393655682 653.67718182011788 256.68368714562882
decision_type=2 2 2 2 2 2 2 2 2 2 2 2 2 2 2 2 2 2 2
left_child=1 5 11 18 -5 -1 -6 -8 -9 -4 12 14 13 -11 -2 -16 -17 -12 -3
right_child=2 3 9 4 6 -7 7 8 -10 10 17 -13 -14 -15 15 16 -18 -19 -20
leaf_value=-0.051785965344995633 -0.045936422851899979 -0.0018651473760268847 -0.0023680855002557455 -0.03779205772000932 -0.039087277741022566 -0.011743643248722804 0.022554592039727338 -0.033337726540773466 0.018188596211230475 0.058200599151066928 0.074470651960947598 0.025719220142443867 -0.014152127486142547 0.0021719526209867512 0.023705150571833811 0.021500213899664503 -0.032544821744948764 0.036372672970991837 0.042991180643649735
leaf_weight=18.907054468989376 4.0021997094154385 7.2892474234104139 6.7959911227226248 14.184019610285757 5.3991724103689149 8.5213896781206113 13.527896150946622 8.1240790635347349 5.5480692833662024 5.8342313170433062 7.0201070308685329 10.240658983588217 5.0318586379289618 5.2532788515090942 8.2692332267761248 5.9292990714311591 9.9618704169988614 15.498453646898268 5.8809578716754913
leaf_count=119 20 33 28 78 25 42 60 37 24 24 29 42 21 23 37 26 44 63 25
internal_value=-0.000133432 -0.016615 0.017045 -0.00621581 -0.0130793 -0.0393457 -0.00232673 0.00497019 -0.0124287 0.0297173 0.0353608 0.00205275 0.0173552 0.0316541 -0.006553 -2.90839e-05 -0.0123796 0.0482496 0.0181648
internal_weight=171.219 87.3819 83.8372 59.9534 46.7832 27.4284 32.5992 27.2 13.6721 45.4339 38.6379 38.4033 16.1194 11.0875 28.1626 24.1604 15.8912 22.5186 13.1702
internal_count=800 443 357 282 224 161 146 121 61 188 160 169 68 47 127 107 70 92 58
is_linear=0
shrinkage=0.05


Tree=15
num_leaves=20
num_cat=0
split_feature=2 0 1 2 0 3 1 1 2 1 1 0 1 2 3 0 2 1 0
split_gain=17.776 9.41421 4.37009 5.21781 4.26039 4.02843 3.63964 3.61223 2.99936 2.53905 2.97747 2.33336 2.32793 3.37788 2.25852 2.1866 2.03 1.77434 2.33547
threshold=485.33686541895889 18.355355976595682 -0.021467285661079329 183.11241247206036 27.303531775477243 69.138751955080792 -0.027553249323682336 -0.0043491085165333317 256.68368714562882 -0.0089712803919459582 0.01590770908135402 11.059701530528175 -0.0003045367626227178 319.76776159402272 175.43856317435839 33.163976886504564 140.33958757098722 0.0056502445540414685 18.355355976595682
decision_type=2 2 2 2 2 2 2 2 2 2 2 2 2 2 2 2 2 2 2
left_child=1 14 8 16 6 12 -2 -8 -3 -7 15 -9 -5 -14 -1 -11 -4 -13 -19
right_child=4 2 3 5 -6 9 7 11 -10 10 -12 17 13 -15 -16 -17 -18 18 -20
leaf_value=-0.04346373247720936 0.045223572016834461 -0.00022822137729252599 -0.02385002444800885 -0.050222175194198054 0.030805370112679177 -0.016717889679600303 -0.022294130609568173 -0.015979566692652946 0.049453164928456174 0.051465731927526681 -0.009318864929819504 0.046881661199781946 0.025855584127540038 -0.031774308054753439 -0.0043228171949652259 0.010953526964694017 -0.065330864386918527 -0.014082220590652934 0.033344052408007564
leaf_weight=25.179728880524639 5.258344203233718 6.4347921162843686 10.681772366166113 4.6942020505666742 35.783691257238388 6.0294129103422121 11.373730570077894 5.2633248418569591 5.7549237012863159 7.4607666432857602 5.8571149408817282 5.0506970435380927 4.3476520478725398 6.1244796216487885 4.3174946606159201 6.0167946517467499 4.0744968205690375 4.9549292623996717 5.4521364271640778
leaf_count=155 22 29 59 23 147 26 51 23 24 32 26 22 20 29 20 25 23 21 23
internal_value=-0.000135624 -0.0141722 -0.00387195 -0.00984678 0.0184758 -0.00057845 0.00666431 0.000346844 0.023227 0.0116108 0.020445 0.0127744 -0.0209637 -0.00784845 -0.0377347 0.0333798 -0.0353037 0.022565 0.0107638
internal_weight=170.11 96.9736 67.4764 55.2867 73.1369 40.5304 37.3532 32.0948 12.1897 25.3641 19.3347 20.7211 15.1663 10.4721 29.4972 13.4776 14.7563 15.4578 10.4071
internal_count=800 491 316 263 309 181 162 140 53 109 83 89 72 49 175 57 82 66 44
is_linear=0
shrinkage=0.05


Tree=16
num_leaves=20
num_cat=0
split_feature=2 0 0 3 3 2 1 0 1 1 1 1 1 1 1 3 1 1 3
split_gain=16.2352 7.51801 5.22967 5.91354 4.88359 4.4095 3.59949 3.26156 3.65449 4.68764 2.26179 3.54676 2.95495 2.25496 3.4204 2.54531 2.1649 3.24743 2.09444
threshold=427.00035306113153 28.621300900938305 41.84055339565284 17.856221190698864 184.89089378928264 721.40199821239241 0.018569966001785544 10.638709712653748 0.01590770908135402 0.0091272471132715933 -0.022648756049161032 -0.0063348442983362863 0.0045825174439254436 -0.027553249323682336 -0.0003045367626227178 93.700774425760159 0.0079946312709811996 -0.009520689872016477 104.94786970527755
decision_type=2 2 2 2 2 2 2 2 2 2 2 2 2 2 2 2 2 2 2
left_child=1 4 3 -2 -1 7 13 -5 9 10 -9 -12 -13 -3 15 -15 17 -7 -10
right_child=2 6 -4 5 -6 16 -8 8 18 -11 11 12 -14 14 -16 -17 -18 -19 -20
leaf_value=-0.034829407755068029 -0.035274528745554569 0.037759293975612063 0.052645145397050834 -0.02078340500487786 0.018834659081070775 0.054039499051998258 -0.043243794827581304 0.0390059974618467 -0.029221980690108021 0.059895365116834492 -0.013898559520768747 0.038698706543223209 -0.009655136541699175 -0.043565975355418896 0.020975656635576326 0.0016099619914158774 0.066150168265385584 -0.0034601419452688258 0.013161671702942268
leaf_weight=41.962657257914543 6.426549330353736 5.1106667816638973 8.2014370113611204 8.1285153329372388 4.7159272432327262 4.9626433849334708 3.9539300650358191 6.6918726861476783 6.7718092352151853 6.3769578784704199 11.796392709016791 9.7679701745510297 4.670208513736724 5.1724179238081014 11.628365725278851 7.8497583866119385 4.9458121657371512 4.8606300055980673 5.1176000833511353
leaf_count=243 29 21 34 38 21 20 21 28 30 27 52 41 20 25 53 35 20 20 22
internal_value=-0.00013862 -0.0164131 0.0146088 0.0107344 -0.0294077 0.0147252 0.00157796 0.00863887 0.0133106 0.0206582 0.013059 0.00644049 0.0230581 0.00753276 0.00126606 -0.016334 0.0391715 0.0255882 -0.0109786
internal_weight=169.112 80.3937 88.7184 80.517 46.6786 74.0904 33.7151 59.3213 51.1928 39.3034 32.9264 26.2346 14.4382 29.7612 24.6505 13.0222 14.7691 9.82327 11.8894
internal_count=800 419 381 347 264 318 155 258 220 168 141 113 61 134 113 60 60 40 52
is_linear=0
shrinkage=0.05


Tree=17
num_leaves=20
num_cat=0
split_feature=2 3 0 0 2 1 3 2 3 1 2 2 0 2 0 2 0 1 2
split_gain=14.8102 7.09462 7.91681 4.92279 4.70265 2.934 2.80182 3.19247 2.70855 2.92662 2.67934 2.46208 2.48892 2.63213 4.09014 2.42824 1.99075 1.55374 4.09313
threshold=449.75134264663387 190.35658551569364 18.355355976595682 25.222428290482625 180.14665496062401 -0.011870702118826435 42.241471446702313 579.57749385116551 135.30859534788888 0.0089999901476838038 653.67718182011788 706.80129234491403 8.6432346561666176 547.92548084037969 13.420245393655682 698.2279878083408 15.308098608442743 -0.018953220326320377 345.72404381937343
decision_type=2 2 2 2 2 2 2 2 2 2 2 2 2 2 2 2 2 2 2
left_child=1 2 -1 11 5 -4 -5 8 9 -8 -9 12 -2 -14 -15 -12 -13 -6 -19
right_child=3 -3 4 6 17 -7 7 10 -10 -11 15 16 13 14 -16 -17 -18 18 -20
leaf_value=-0.042317518046756528 -0.043418418042171503 0.04347358120671601 -0.001000229062561633 -0.003597427094148644 0.020176069586807857 -0.045627665257045404 0.052442764263672718 0.069502766888423065 -0.015958513518783187 0.00099579407626795044 0.0029753224427636195 -0.00057397884175392844 0.022757509592202463 0.020751044206950592 -0.031746444067290956 0.045584741259434625 0.043518205865048787 0.011340877514138613 -0.025807371437383226
leaf_weight=24.201789394021034 3.8484789282083538 4.9108359813690177 5.5701460689306286 6.794670805335044 8.5659272670745832 10.870442435145376 5.8574458807706851 6.8646903187036541 5.0673518031835547 5.2347531020641327 4.921381250023841 4.8803517222404462 8.2632938772439974 5.9369394332170478 9.8924074918031675 10.429699555039404 5.3842028379440308 18.059424266219143 12.580714866518973
leaf_count=154 20 22 27 28 37 64 24 29 21 23 20 20 37 26 44 43 22 82 57
internal_value=-0.000139055 -0.014857 -0.0184445 0.0148232 -0.00806164 -0.0305077 0.0259968 0.0312367 0.0143275 0.0281633 0.0435363 0.00161274 -0.00608043 -0.00011618 -0.0120568 0.0319246 0.0225543 0.00135084 -0.00391204
internal_weight=168.135 84.7593 79.8484 83.3757 55.6467 16.4406 45.17 38.3753 16.1596 11.0922 22.2158 38.2057 27.9411 24.0926 15.8293 15.3511 10.2646 39.2061 30.6401
internal_count=800 443 421 357 267 91 188 160 68 47 92 169 127 107 70 63 42 176 139
is_linear=0
shrinkage=0.05


Tree=18
num_leaves=20
num_cat=0
split_feature=2 0 0 1 1 2 0 0 0 3 2 0 0 3 2 3 1 1 1
split_gain=13.719 5.79758 5.59921 5.19938 4.80734 5.75223 3.99848 3.56034 3.36808 2.77444 4.42424 2.13076 3.90868 4.3998 2.02196 3.76022 1.98222 1.82202 2.27203
threshold=377.09669699657053 41.84055339565284 18.355355976595682 -0.02204124189095967 -0.015580393823927183 530.4715283807858 17.068789611807365 21.31806762983695 25.927694484615206 49.354344036414581 77.56180879594659 25.662145762130837 20.724063453478966 67.365742646417331 174.02671272440404 129.60573061773053 0.018305543562664454 0.0075579038915376678 -0.023228463627668262
decision_type=2 2 2 2 2 2 2 2 2 2 2 2 2 2 2 2 2 2 2
left_child=2 3 14 7 -5 6 -6 -2 -8 -4 -11 12 13 -7 15 -1 17 18 -12
right_child=1 -3 9 4 5 11 8 -9 -10 10 16 -13 -14 -15 -16 -17 -18 -19 -20
leaf_value=-0.050850209397247881 0.0083316088136755461 0.049684115498889639 -0.027688436533826435 -0.044044254883665014 -0.046666604616770357 -0.016132000490576497 0.037129384883672525 0.05832146021134637 -0.012967289804691138 -0.051969315104898807 0.032129741198082422 0.028079358495960167 -0.032152596926334778 0.035265641024462238 -0.05357912588905428 0.011783040984021017 -0.025076735796210916 0.038602368184282053 -0.0050077550451817776
leaf_weight=5.2594567388296145 6.5612894147634488 9.1386998593807203 12.893464118242262 5.1394942104816428 6.547236159443858 6.4269422143697801 4.3755217790603664 7.791255995631218 14.386360213160513 3.7216842025518408 5.5766911953687712 21.63208319246769 5.1511943787336341 11.824256077408789 11.125740319490431 4.401897981762886 4.4537571668624869 4.8689014762639991 15.749349981546406
leaf_count=37 30 38 67 24 36 29 20 32 63 21 24 90 23 50 73 24 23 22 74
internal_value=-0.000139526 0.0117426 -0.0174211 0.00788296 0.00263777 0.00604849 -0.0130241 0.0354685 -0.00128408 -0.00790962 -0.000489933 0.0167672 0.00631073 0.0171666 -0.0390475 -0.0223133 0.00576123 0.0110044 0.00470358
internal_weight=167.025 98.9743 68.0509 89.8356 75.4831 70.3436 25.3091 14.3525 18.7619 47.2638 34.3704 45.0345 23.4024 18.2512 20.7871 9.66135 30.6487 26.1949 21.326
internal_count=800 435 365 397 335 311 119 62 83 231 164 192 102 79 134 61 143 120 98
is_linear=0
shrinkage=0.05


Tree=19
num_leaves=20
num_cat=0
split_feature=2 0 0 1 3 2 2 2 3 1 3 3 2 3 0 0 0 2 3
split_gain=12.4914 5.27096 5.2595 4.48021 4.20408 3.583 3.4846 2.82718 3.22015 2.74217 2.61798 2.54243 4.10113 2.48561 2.44412 2.20587 3.12671 1.95267 3.53851
threshold=377.09669699657053 18.355355976595682 41.372341165885977 -0.035835943039813523 17.856221190698864 711.46234900372963 677.19275303663687 530.4715283807858 131.52948665396084 0.0085282116120073814 102.0922780046282 49.354344036414581 77.56180879594659 119.421180852088 24.561721037174831 17.068789611807365 24.618090735122149 174.02671272440404 129.60573061773053
decision_type=2 2 2 2 2 2 2 2 2 2 2 2 2 2 2 2 2 2 2
left_child=1 17 3 -2 -5 6 7 15 10 13 14 -3 -13 -7 -9 -6 -17 18 -1
right_child=2 11 -4 4 5 9 -8 8 -10 -11 -12 12 -14 -15 -16 16 -18 -19 -20
leaf_value=-0.050010278591365864 0.052849161742959887 -0.026637267306644809 0.045064107601567829 -0.031564051448168165 -0.031018270372166756 -0.0061979575931414696 -0.035340364982112779 -0.0037855095229149651 -0.00429306285337529 0.060317077941883512 0.061088551053227004 -0.050814266494058749 0.0054696546380382559 0.041735295688252329 0.039317598358646094 0.040303774913088258 -0.0083042319174253237 -0.052645880107043623 0.011128607187028385
leaf_weight=5.0848482996225375 5.0777353495359412 12.736235514283178 10.263545379042624 7.3765523284673682 6.5245317816734341 6.0461156368255597 5.5505062937736502 6.4254011511802727 11.136384472250937 4.8794720768928519 4.9003550857305518 3.6186002641916266 30.649877056479454 4.8936110287904739 6.7374241650104523 4.2770384401083019 14.607407078146933 10.765980958938597 4.4270538538694382
leaf_count=37 22 67 43 35 36 25 24 30 47 20 21 21 143 20 28 20 64 73 24
internal_value=-0.000141729 -0.0167547 0.0111836 0.00725142 0.00447374 0.00797256 0.00240468 0.00624115 0.0168538 0.0291468 0.0298913 -0.00756288 -0.00047368 0.0152438 0.0182769 -0.00595467 0.00270474 -0.0380618 -0.0215549
internal_weight=165.979 67.2826 98.6961 88.4325 83.3548 75.9782 60.159 54.6085 29.1996 15.8192 18.0632 47.0047 34.2685 10.9397 13.1628 25.409 18.8844 20.2779 9.5119
internal_count=800 365 435 392 370 335 270 246 126 65 79 231 164 45 58 120 84 134 61
is_linear=0
shrinkage=0.05


Tree=20
num_leaves=20
num_cat=0
split_feature=2 0 0 1 1 2 0 1 3 2 0 3 1 0 0 2 3 0 1
split_gain=11.3674 4.96535 4.78945 4.48092 4.41557 5.43404 3.2586 2.34779 2.33067 3.80281 2.23328 2.95323 3.82249 5.66688 1.98063 1.8862 3.33057 1.87946 1.79495
threshold=377.09669699657053 18.355355976595682 41.84055339565284 -0.02204124189095967 -0.014588641305093077 485.33686541895889 21.31806762983695 0.01128773492685518 49.354344036414581 77.56180879594659 30.420749190520802 151.12492720511889 0.011156156444393174 20.782660344373081 17.068789611807365 174.02671272440404 129.60573061773053 35.479294205093204 0.018305543562664454
decision_type=2 2 2 2 2 2 2 2 2 2 2 2 2 2 2 2 2 2 2
left_child=1 15 3 6 -5 7 -2 14 17 -10 11 12 13 -7 -6 16 -1 -3 -11
right_child=2 8 -4 4 5 10 -8 -9 9 18 -12 -13 -14 -15 -16 -17 -18 -19 -20
leaf_value=-0.049191081910250269 0.0068641760150345765 -0.040999024972456111 0.0452474135538114 -0.037233835224876589 -0.036167429350649809 0.0034279569169123982 0.054658246471659559 -0.044372868708724332 -0.0496988607633118 0.010143087241624136 0.027903501309691194 0.032563594092943668 0.018668935287833623 -0.065222664137053118 0.0088999134072944661 -0.051741901261184942 0.010514435058553085 -0.001339809216041935 -0.024310581540731676
leaf_weight=4.9153694063425082 6.5921467840671522 7.7040800601243955 9.0806866437196714 6.474470153450965 3.5496163219213503 8.5422303974628466 7.7697739452123642 5.7798955440521231 3.5174083709716788 26.283283919095997 18.643950343132019 8.0344519019126874 11.551324576139448 4.6382639706134787 7.7842410951852798 10.41530232131481 4.450738400220871 4.8793565630912781 4.4152899384498587
leaf_count=37 30 43 38 30 22 39 32 29 21 120 78 33 49 21 34 73 24 24 23
internal_value=-0.000141873 -0.0160986 0.0106505 0.00713477 0.00223517 0.00596439 0.0327207 -0.0184397 -0.00722131 -0.000454636 0.0140882 0.00622726 -0.00232844 -0.0207304 -0.00521459 -0.0371006 -0.0208192 -0.0256208 0.00518771
internal_weight=165.022 66.5808 98.4411 89.3604 74.9984 68.524 14.3619 17.1138 46.7994 34.216 51.4102 32.7663 24.7318 13.1805 11.3339 19.7814 9.36611 12.5834 30.6986
internal_count=800 365 435 397 335 305 62 85 231 164 220 142 109 60 56 134 61 67 143
is_linear=0
shrinkage=0.05


Tree=21
num_leaves=20
num_cat=0
split_feature=2 0 0 1 1 2 0 1 1 2 3 1 2 3 2 3 3 3 0
split_gain=10.3513 4.67197 4.34593 4.04416 4.03234 4.5312 2.95839 2.66123 2.15233 1.91344 3.06283 2.17805 1.82223 3.13529 1.745 2.2191 6.22487 4.6682 2.24167
threshold=377.09669699657053 18.355355976595682 41.84055339565284 -0.02204124189095967 -0.015580393823927183 465.9729599576894 21.31806762983695 0.010178998129751834 0.024544547221908315 706.80129234491403 129.13001527361448 0.0066133010061278754 174.02671272440404 129.60573061773053 671.97468013685818 131.52948665396084 104.27443125562012 70.13929056622429 19.870284205596512
decision_type=2 2 2 2 2 2 2 2 2 2 2 2 2 2 2 2 2 2 2
left_child=1 12 3 6 -5 7 -2 -6 -3 14 11 -11 13 -1 15 16 17 18 -7
right_child=2 8 -4 4 5 9 -8 -9 -10 10 -12 -13 -14 -15 -16 -17 -18 -19 -20
leaf_value=-0.048389930426861225 0.0065106292008271852 -0.0035793284318315841 0.043181713031857485 -0.041169739426055126 -0.0063581975554116953 -0.0045970851167655815 0.0520567758299679 -0.055762549526220929 -0.041676805987522526 -0.013230303045394153 0.059312354604411914 0.033749481062828178 -0.050863736894635969 0.0099375868340525336 -0.020249545365361478 -0.0077404971318768313 0.067410825472092026 -0.027311079817443976 0.039543721388629216
leaf_weight=4.751097038388254 6.6023443937301618 42.497926309704781 9.0403503626584989 5.0164462625980368 8.7453191429376584 4.476492226123816 7.7506122440099716 3.9600909352302542 4.0616099685430518 4.8233616054058057 4.8523762822151175 5.0502100586891174 10.074060663580893 4.473046287894249 5.5593959838151923 12.081236660480497 5.1327737122774115 6.9600547701120368 8.0461959540843946
leaf_count=37 30 208 38 24 44 22 32 21 23 20 20 21 73 24 24 51 22 31 35
internal_value=-0.000143383 -0.0154765 0.0101505 0.00679746 0.00212711 0.00524383 0.0311056 -0.0217568 -0.00690275 0.0112642 0.0267849 0.0107993 -0.0361618 -0.0201053 0.00585537 0.00981016 0.018424 0.00551827 0.0237647
internal_weight=163.955 65.8577 98.0973 89.0569 74.704 69.6875 14.353 12.7054 46.5595 56.9821 14.7259 9.87357 19.2982 9.22414 42.2561 36.6968 24.6155 19.4827 12.5227
internal_count=800 365 435 397 335 311 62 65 231 246 61 41 134 61 185 161 110 88 57
is_linear=0
shrinkage=0.05


Tree=22
num_leaves=20
num_cat=0
split_feature=2 0 0 1 1 2 3 0 0 0 0 3 3 2 2 0 2 2 1
split_gain=9.41641 4.40238 3.94661 3.65275 3.74401 4.58157 3.5018 2.69145 2.37075 3.49703 2.31581 2.1602 2.13697 3.53043 1.77291 1.76571 1.76048 3.01333 1.64153
threshold=377.09669699657053 18.355355976595682 41.84055339565284 -0.02204124189095967 -0.014588641305093077 562.3278689985865 77.339105188884773 21.31806762983695 14.10983194496395 22.301310652857421 18.355355976595682 99.251436461267105 49.354344036414581 77.56180879594659 460.43804470154515 35.479294205093204 174.02671272440404 120.98421575805784 -0.023228463627668262
decision_type=2 2 2 2 2 2 2 2 2 2 2 2 2 2 2 2 2 2 2
left_child=1 16 3 7 -5 8 10 -2 -6 -10 -7 14 15 -14 -11 -3 17 -1 -15
right_child=2 12 -4 4 5 6 -8 -9 9 11 -12 -13 13 18 -16 -17 -18 -19 -20
leaf_value=-0.038166439936617086 0.0061759092673683794 -0.039569140643889271 0.041237540325332667 -0.034668802492614254 -0.036641330545060739 -0.025712392873990353 0.03007381495009542 0.04963788562180383 0.034318487885789777 -0.019513393706754232 0.013909439955331239 -0.030333385041400984 -0.048448705731352799 0.029657910021137157 0.022096985671018584 -0.00089100442858382504 -0.050008287737698789 0.024796138815273622 -0.0002358273412477953
leaf_weight=6.3796712011098879 6.6119151115417463 7.5121332108974439 8.994407117366789 6.3572631627321234 6.1740499138832119 5.8726505041122428 21.85801063477993 7.7225833088159561 5.2191450893878963 4.6254660934209841 9.9128728061914426 8.6497782766818982 3.4004103839397422 5.6244645267724982 5.732483834028244 4.8595304936170578 9.7425177991390211 2.70646633207798 25.023459702730182
leaf_count=45 30 43 38 30 35 27 93 32 24 22 42 37 21 24 25 24 73 16 119
internal_value=-0.000142143 -0.0148509 0.00967798 0.00647907 0.0020263 0.00545466 0.0171141 0.0295907 -0.00898253 -0.00193388 -0.000830976 -0.0118881 -0.00657939 -0.000112688 0.00351537 -0.0243766 -0.0352434 -0.0194119 0.00525023
internal_weight=162.979 65.2487 97.7306 88.7362 74.4017 68.0445 37.6435 14.3345 30.4009 24.2269 15.7855 19.0077 46.42 34.0483 10.3579 12.3717 18.8287 9.08614 30.6479
internal_count=800 365 435 397 335 305 162 62 143 108 69 84 231 164 47 67 134 61 143
is_linear=0
shrinkage=0.05


Tree=23
num_leaves=20
num_cat=0
split_feature=2 0 0 3 3 1 2 3 3 1 2 3 3 0 2 3 1 2 3
split_gain=8.57245 4.13282 3.6753 5.43659 3.81993 2.20724 3.01196 2.61478 2.05566 1.97409 1.70582 2.92732 1.56526 2.17875 2.84204 2.17782 2.07344 1.48906 2.19843
threshold=377.09669699657053 18.355355976595682 27.303531775477243 17.856221190698864 185.47782643874808 -0.02204124189095967 499.18050323263805 117.86456738155341 35.427460551484955 0.024544547221908315 174.02671272440404 129.60573061773053 95.630547913635425 20.070083076730139 569.18808367189411 70.13929056622429 -0.001736469793745107 77.56180879594659 49.354344036414581
decision_type=2 2 2 2 2 2 2 2 2 2 2 2 2 2 2 2 2 2 2
left_child=1 10 3 -2 8 -4 7 -7 -5 17 11 -1 15 14 -14 16 -10 -3 -19
right_child=2 9 5 4 -6 6 -8 -9 12 -11 -12 -13 13 -15 -16 -17 -18 18 -20
leaf_value=-0.047157104262707694 -0.05738901642513411 -0.030534826697805936 0.045348110041362272 0.025113489402316769 0.044051261487705967 -0.02176974752153317 0.023652879090598312 0.023038152025076076 0.020570830823807854 -0.040131604253012598 -0.049172744955944592 0.0099801845460985028 -0.01560438598863116 -0.022074033490410445 0.031674075013364895 -0.049194070986720982 -0.029599222359199664 -0.021012659690419044 0.0069731721567913314
leaf_weight=4.5017454847693461 3.8848847150802603 4.4364967346191397 6.7331869751214972 6.2332191467285147 5.317026510834693 8.5404817163944227 29.226646140217781 5.2618081718683234 4.022020772099494 3.9410157650709143 9.4208565503358823 4.4650571793317795 5.1157497316598919 6.1771830916404715 8.3946654796600324 4.2464122697710982 4.2203944921493521 9.3087841123342496 28.508161962032318
leaf_count=37 21 27 28 29 22 39 124 22 20 23 73 24 26 27 35 22 20 50 131
internal_value=-0.0001423 -0.0142673 0.00922597 -0.000704928 0.00433116 0.0187277 0.0145621 -0.00468776 -0.00116728 -0.00628727 -0.0343152 -0.0187054 -0.00625839 0.00252493 0.013772 -0.0201046 -0.00511793 -0.00313058 8.43539e-05
internal_weight=161.956 64.5821 97.3737 47.6116 43.7267 49.7621 43.0289 13.8023 38.4096 46.1945 18.3877 8.9668 32.1764 19.6876 13.5104 12.4888 8.24242 42.2534 37.8169
internal_count=800 365 435 222 201 213 185 61 179 231 134 61 150 88 61 62 40 208 181
is_linear=0
shrinkage=0.05


Tree=24
num_leaves=20
num_cat=0
split_feature=2 0 0 3 1 1 2 0 0 3 3 0 1 2 3 2 1 1 3
split_gain=7.80081 3.88524 3.5062 3.592 3.2724 2.92871 3.48833 2.56089 2.994 2.43364 2.31139 2.24773 1.83143 1.64758 2.75362 1.41661 2.78985 2.6516 1.7856
threshold=377.09669699657053 18.355355976595682 41.372341165885977 12.623470516502302 -0.02204124189095967 -0.014497340414161763 562.3278689985865 14.10983194496395 22.301310652857421 99.251436461267105 77.339105188884773 21.31806762983695 0.024544547221908315 174.02671272440404 129.60573061773053 180.14665496062401 -0.017948995356921536 -0.0031404664337898293 90.206101117325858
decision_type=2 2 2 2 2 2 2 2 2 2 2 2 2 2 2 2 2 2 2
left_child=1 13 3 -2 11 -6 7 -7 -9 -10 -8 -5 15 14 -1 16 -3 18 -17
right_child=2 12 -4 4 5 6 10 8 9 -11 -12 -13 -14 -15 -16 17 -18 -19 -20
leaf_value=-0.046391814819124813 -0.037331585601791124 0.015980820425690948 0.036794865583907384 0.0088383940042145587 -0.030526979694082992 -0.035352056344918996 0.00098393276547905132 0.03496378960485131 0.010103332321286199 -0.027883290127796129 0.027353843613853721 0.049667224022761247 -0.038983588714637064 -0.048354587254393892 0.0094355675289219728 -0.031706476284118011 -0.02965289458821789 0.020211234991434124 0.0045723920355809468
leaf_weight=4.3510480150580424 4.6206151843070975 4.9230598062276831 10.023917958140371 6.3677534908056241 5.774616152048103 6.0283501818776228 13.52799706161022 5.1101886183023479 8.5076465457677859 8.3589801639318448 21.543659374117851 7.1626920998096466 3.8563963174819937 9.1091877296566945 4.4860834032297134 6.0278801918029767 10.477000638842581 12.957259088754656 7.755423292517662
leaf_count=37 22 23 43 29 27 35 59 23 39 36 92 30 23 73 24 30 65 57 33
internal_value=-0.000142741 -0.0137014 0.00879279 0.00556656 0.00797262 0.00355501 0.00667518 -0.00648321 0.00143566 -0.00872257 0.0171823 0.0304522 -0.00600289 -0.0334328 -0.0180516 -0.00298474 -0.0150648 0.00397225 -0.0112935
internal_weight=160.97 63.9433 97.0264 87.0025 82.3819 68.8514 63.0768 28.0052 21.9768 16.8666 35.0717 13.5304 45.997 17.9463 8.83713 42.1406 15.4001 26.7406 13.7833
internal_count=800 365 435 392 370 311 284 133 98 75 151 59 231 134 61 208 88 120 63
is_linear=0
shrinkage=0.05


Tree=25
num_leaves=20
num_cat=0
split_feature=2 0 0 3 3 3 1 2 3 3 2 0 2 2 2 1 2 2 3
split_gain=7.10375 3.64642 3.22264 4.84373 3.40376 1.89204 1.78947 2.67529 2.42773 1.71048 3.00744 1.6765 1.59091 2.70708 1.65292 1.44787 4.52834 2.93238 2.21382
threshold=377.09669699657053 18.355355976595682 27.303531775477243 17.856221190698864 185.47782643874808 35.427460551484955 -0.02204124189095967 499.18050323263805 117.86456738155341 49.354344036414581 77.56180879594659 35.479294205093204 174.02671272440404 120.98421575805784 66.347355047934229 -0.023228463627668262 183.11241247206036 244.35999306881848 121.94538769418796
decision_type=2 2 2 2 2 2 2 2 2 2 2 2 2 2 2 2 2 2 2
left_child=1 12 3 -2 5 -5 -4 8 -8 11 -11 -3 13 14 -1 -12 18 -18 -17
right_child=2 9 6 4 -6 -7 7 -9 -10 10 15 -13 -14 -15 -16 16 17 -19 -20
leaf_value=-0.0082789306702952658 -0.055571919332761434 -0.037256805882566642 0.041467135851569081 0.023646196034235144 0.041233233453364333 -0.006389188126650288 -0.021130530451435928 0.022175585522777524 0.022117416539231709 -0.046200420868643371 0.027658290214767581 0.00096048127924064765 -0.047551543730561141 0.024099189893786909 -0.060838491313472867 -0.064201482717375039 0.043711975480111125 -0.00033848024928182044 -0.0071026187668787105
leaf_weight=2.822994992136957 3.7373713031411162 7.1831492185592634 6.6382722854614249 6.2708683460950843 5.3150922805070868 31.997558310627937 8.492711588740347 28.999500304460526 5.251500889658927 3.1883708834648123 5.6598332375288001 4.7786682546138763 8.807560592889784 2.7066378593444824 3.1818408593535423 3.3398048430681291 5.3632366359233883 12.781564176082609 3.4523254334926605
leaf_count=21 21 43 28 29 22 150 39 124 22 21 24 24 73 16 24 20 23 56 20
internal_value=-0.000142555 -0.0131691 0.00837984 -0.000944418 0.00374 -0.00146743 0.0173149 0.013564 -0.004606 -0.00574079 1.20651e-05 -0.0219892 -0.0325666 -0.0174163 -0.0361292 0.00482769 -0.000354078 0.0126819 -0.0351791
internal_weight=159.969 63.266 96.7029 47.3209 43.5835 38.2684 49.382 42.7437 13.7442 45.747 33.7851 11.9618 17.519 8.71147 6.00484 30.5968 24.9369 18.1448 6.79213
internal_count=800 365 435 222 201 179 213 185 61 231 164 67 134 61 45 143 119 79 40
is_linear=0
shrinkage=0.05


Tree=26
num_leaves=20
num_cat=0
split_feature=2 3 0 1 1 1 1 2 0 2 3 0 3 2 0 1 0 0 1
split_gain=6.51705 6.24989 4.95682 4.08144 5.1059 4.66874 4.26218 4.19267 4.18099 3.78789 2.66716 1.83687 1.79634 3.69997 2.56088 1.64713 1.52079 2.79495 2.02827
threshold=276.56336486573281 184.89089378928264 41.84055339565284 -0.022441994782882498 -0.014588641305093077 -0.028691151378262537 -0.035835943039813523 562.3278689985865 14.10983194496395 323.43688834576295 77.339105188884773 18.355355976595682 129.60573061773053 437.56807944241712 31.800345000677307 0.01590770908135402 28.057782908611518 33.163976886504564 0.010993201083438904
decision_type=2 2 2 2 2 2 2 2 2 2 2 2 2 2 2 2 2 2 2
left_child=1 16 3 5 -5 6 -2 8 -6 -10 11 -9 13 -11 -14 -15 -1 -18 -19
right_child=2 -3 -4 4 7 -7 -8 10 9 12 -12 -13 14 15 -16 -17 17 18 -20
leaf_value=-0.031917586057589285 0.036740212961108319 0.040308017075218791 0.037980436072478391 -0.038450308931139536 -0.040632175986054016 0.062524857686749077 -0.027825317749876 -0.023538573492095385 0.045538490948259 -0.043483809418791521 0.026054524333992413 0.012028905272327611 0.028981723278220163 0.017055399601320152 -0.017642618209310731 -0.021707625487842011 0.022135230466946175 -0.011276217920391643 -0.054631006825816841
leaf_weight=21.433267265558243 5.3531632199883452 4.3357241898775092 11.006877481937407 8.4488978087902051 8.0833239629864675 5.649922475218772 4.8918385803699485 5.7448109090328208 3.9268745183944693 7.4953873008489671 21.638290077447891 9.8611218184232694 6.7282750979065877 6.9177549034357053 5.2378785163164139 4.5384606719017029 4.4568420350551632 9.454873174428938 3.7746815532445899
leaf_count=152 24 21 47 41 54 26 22 27 18 40 93 42 30 30 22 21 22 45 23
internal_value=-0.000143617 -0.0166495 0.00606528 0.0027042 -0.00148032 0.0260347 0.00591112 0.00241574 -0.00823459 -0.000718936 0.0146914 -0.00106409 -0.00659411 -0.0161708 0.00857311 0.00169915 -0.0229622 -0.0121097 -0.0236463
internal_weight=158.978 43.4554 115.523 104.516 88.6211 15.8949 10.245 80.1722 42.928 34.8446 37.2442 15.6059 30.9178 18.9516 11.9662 11.4562 39.1197 17.6864 13.2296
internal_count=800 263 537 490 418 72 46 377 215 161 162 69 143 91 52 51 242 90 68
is_linear=0
shrinkage=0.05


Tree=27
num_leaves=20
num_cat=0
split_feature=2 0 1 0 0 3 3 3 2 2 3 2 1 3 3 0 2 3 1
split_gain=5.98571 3.31237 3.18335 3.20641 2.49662 2.3345 1.9557 2.63629 2.36192 3.92769 2.16373 2.06387 3.93746 1.96485 4.0472 3.36829 2.89291 1.8586 1.5883
threshold=377.09669699657053 18.355355976595682 -0.041351794653448591 6.9453552432161878 41.84055339565284 185.47782643874808 17.856221190698864 27.713838824493688 711.46234900372963 677.19275303663687 129.13001527361448 485.33686541895889 0.01128773492685518 131.52948665396084 102.0922780046282 30.420749190520802 549.86592881182912 130.57181154454886 0.024544547221908315
decision_type=2 2 2 2 2 2 2 2 2 2 2 2 2 2 2 2 2 2 2
left_child=1 5 -2 -4 6 -1 -5 -8 9 11 -10 12 17 14 15 -13 -15 -9 -3
right_child=2 18 3 4 -6 -7 7 8 10 -11 -12 13 -14 16 -16 -17 -18 -19 -20
leaf_value=-0.038329442362275298 0.059022890275840567 -0.0024098971411585543 -0.043585704064577097 -0.020931596516065819 0.033547154184611787 0.017257875918972151 0.044353713926685502 -0.010246916699480741 0.0077508371110877917 -0.041928939292018221 0.048094891309832521 -0.0087811956240167466 -0.047477730616626988 0.02839245457631133 0.06056132949473117 0.042272698036665189 -0.01836153942316528 0.029502172442930755 -0.036754348409849688
leaf_weight=14.675566844642164 2.9268151372671118 41.509270220994949 3.1420165896415702 6.6261805593967429 8.5222171992063505 2.1677813082933417 4.5360407233238211 7.3981512635946292 8.5660916715860349 4.9830567687749854 5.4301864504814139 9.5006544291973132 4.8956496044993392 5.0627348870038977 5.0608278512954703 4.8952858150005332 9.5487403273582441 4.881155326962471 3.6634609773755065
leaf_count=124 13 208 17 32 37 10 20 39 36 22 23 43 26 21 22 21 41 22 23
internal_value=-0.000144208 -0.0122513 0.00767894 0.00606394 0.00779907 -0.0311752 0.00510285 0.0074104 0.00502404 0.000448937 0.0234033 0.0045699 -0.00956264 0.0116946 0.0221003 0.00857949 -0.00216173 0.00555377 -0.0051952
internal_weight=157.992 62.0161 95.9758 93.049 89.907 16.8433 81.3848 74.7586 70.2225 56.2263 13.9963 51.2432 17.175 34.0682 19.4568 14.3959 14.6115 12.2793 45.1727
internal_count=800 365 435 422 405 134 368 336 316 257 59 235 87 148 86 64 62 61 231
is_linear=0
shrinkage=0.05


Tree=28
num_leaves=20
num_cat=0
split_feature=2 3 0 1 1 1 2 2 0 2 2 0 0 3 2 0 3 0 3
split_gain=5.52891 5.48212 4.20123 3.53453 4.60336 4.32282 3.96421 3.60792 3.81997 3.41095 2.57844 3.00047 2.60598 2.41524 2.09971 1.64017 1.86311 2.40389 2.34635
threshold=276.56336486573281 184.89089378928264 41.84055339565284 -0.022441994782882498 -0.014588641305093077 -0.028691151378262537 610.45955546104835 562.3278689985865 14.10983194496395 323.43688834576295 597.19514588937875 31.102130826255308 36.220610498627209 62.158570049208677 706.80129234491403 22.510763549130477 152.5677198658762 32.105588744253033 82.930899587115377
decision_type=2 2 2 2 2 2 2 2 2 2 2 2 2 2 2 2 2 2 2
left_child=1 -1 3 5 -5 6 -2 8 -6 -10 -9 13 -13 -12 -15 -11 17 -17 -19
right_child=2 -3 -4 4 7 -7 -8 10 9 15 11 12 -14 14 -16 16 -18 18 -20
leaf_value=-0.02160084690228084 -0.024184475486776616 0.037288664481377042 0.035121892686873851 -0.036858164218245004 -0.03927975228577163 0.059347472137963632 0.038296804074240028 0.047709178746170866 0.043089538064500367 0.015362664889355069 -0.026104547873255435 0.057953610365897301 0.0080047577448611653 -0.0053793323532275719 0.033730720118476352 -0.025016740829196266 -0.040018440450611689 -0.013559720341970415 0.033919253058913149
leaf_weight=38.22264763712883 5.4723837971687299 4.4076861739158621 10.891620591282843 8.3093175515532476 7.8116483688354483 5.638445869088172 4.7353027164936066 4.8349015712738028 3.9615674912929526 6.8416170552372959 7.0666486620903042 4.733060494065283 5.8251693844795227 9.0056447237730008 5.5447712242603293 8.524016693234449 4.8638496547937384 5.0740926712751371 5.3413070142269135
leaf_count=242 26 21 47 41 54 26 20 22 18 35 32 21 25 39 23 40 21 24 23
internal_value=-0.000141488 -0.0155121 0.00558248 0.00247647 -0.0014487 0.0242096 0.00480033 0.00225562 -0.00769834 -0.000569528 0.0136641 0.00854818 0.0303959 -0.00212272 0.00952445 -0.00621348 -0.012415 -0.0053261 0.0107888
internal_weight=157.106 42.6303 114.475 103.584 87.7376 15.8461 10.2077 79.4283 42.4181 34.6065 37.0102 32.1753 10.5582 21.6171 14.5504 30.6449 23.8033 18.9394 10.4154
internal_count=800 263 537 490 418 72 46 377 215 161 162 140 46 94 62 143 108 87 47
is_linear=0
shrinkage=0.05


Tree=29
num_leaves=20
num_cat=0
split_feature=2 3 0 1 0 2 1 0 1 2 1 1 1 2 1 2 2 2 3
split_gain=5.02964 4.96956 3.81536 3.26371 2.89542 2.0465 2.37222 3.03847 3.56867 3.88388 3.20407 1.4553 4.6867 2.18549 2.08603 1.9863 1.96626 1.53453 1.44189
threshold=276.56336486573281 187.12904258677841 41.84055339565284 -0.043945535797811915 6.9453552432161878 460.43804470154515 -0.018953220326320377 17.642864073096728 -0.0075275122260740727 345.72404381937343 0.006254394408012314 -0.0021140606487344738 0.0044708944677961391 192.98890302659296 -0.010857286511679387 184.51300837386682 88.717279298020102 94.526816390293092 17.856221190698864
decision_type=2 2 2 2 2 2 2 2 2 2 2 2 2 2 2 2 2 2 2
left_child=1 11 3 -2 -5 6 -6 -8 -9 -10 -11 14 -13 17 15 16 -1 -14 -7
right_child=2 -3 -4 4 5 18 7 8 9 10 -12 12 13 -15 -16 -17 -18 -19 -20
leaf_value=-0.033866027475093798 0.065672639318283391 0.039234137282375202 0.03355563126865331 -0.043699444385964133 0.022014592848583023 -0.019413863500213967 -0.049005439160157795 -0.048430870580225313 0.042131409377513959 0.017275080082732375 -0.036708702905942081 0.035754476943768092 -0.016482910180032093 -0.0027211338923665805 -0.055550685668600552 -0.043298685553812 0.015040468251275621 -0.060844256077120254 0.0095502275566137027
leaf_weight=3.4255762547254545 1.9961202740669239 3.8571036159992209 10.831552237272261 3.4808686450123778 5.3837025463581112 4.6129884123802176 5.0995565056800869 3.9238031208515247 4.8464046865701613 5.1462701559066755 5.8996165096759796 4.2597715184092548 3.4458330422639829 6.6517128720879555 5.6262793838977823 5.3770368918776521 5.1372711956501007 4.4889721050858498 62.70300056040287
leaf_count=24 9 18 47 21 27 21 43 19 22 23 30 27 26 36 39 34 27 32 275
internal_value=-0.000138828 -0.0148688 0.00532647 0.00236053 0.00111044 0.00270832 -0.00808263 -0.0145859 -0.00572829 0.00481496 -0.0115577 -0.0203014 -0.0103851 -0.0238594 -0.0298529 -0.019481 -0.00452463 -0.0415795 0.00756539
internal_weight=156.193 42.2696 113.924 103.092 101.096 97.6153 30.2994 24.9157 19.8161 15.8923 11.0459 38.4125 18.8463 14.5865 19.5662 13.9399 8.56285 7.93481 67.316
internal_count=800 263 537 490 481 460 164 137 94 75 53 245 121 94 124 85 51 58 296
is_linear=0
shrinkage=0.05


Tree=30
num_leaves=20
num_cat=0
split_feature=2 0 1 2 2 3 1 0 2 1 1 3 0 3 3 1 0 1 1
split_gain=4.6505 3.02747 2.63573 2.63719 4.92527 3.20787 4.76961 2.75014 3.24317 1.86983 2.80373 1.83535 1.67586 1.5215 2.99568 2.45555 1.51989 1.50499 1.44116
threshold=377.09669699657053 18.355355976595682 -0.041351794653448591 711.46234900372963 683.1127829445951 129.13001527361448 -0.0010449370375450043 29.87379606472005 601.61596684028154 0.01590770908135402 0.0032638021844479076 185.47782643874808 8.255585671372474 106.17731897829221 77.95926345388456 0.01399289502231091 18.023361773096585 -0.01007347439728119 0.024544547221908315
decision_type=2 2 2 2 2 2 2 2 2 2 2 2 2 2 2 2 2 2 2
left_child=1 11 -2 4 7 6 -5 12 9 10 17 -1 -4 14 -14 16 -15 -9 -3
right_child=2 18 3 5 -6 -7 -8 8 -10 -11 -12 -13 13 15 -16 -17 -18 -19 -20
leaf_value=-0.036385020005926409 0.053650923758088137 -0.0016220326163606615 -0.037954807883625361 -0.029520845514192123 -0.046014484427180653 0.050060819293893499 0.031603248164149847 0.01859573526450551 0.048124952705799001 -0.020144412965251178 0.043316638608817029 0.012534354373889847 0.00073399555667141749 0.037414249157406113 -0.045889324240204275 -0.022060420294054972 0.0015541989264935658 -0.017099197491980106 -0.034965614795825592
leaf_weight=13.808645747601988 2.9065115749835959 41.02145130187273 3.3741926178336135 5.2935099750757226 5.203512266278266 6.5509641319513312 8.0373205244541168 5.959949463605887 6.2221157699823371 4.8536154031753531 5.8170320987701407 2.2264748811721793 13.779788091778757 6.750309571623804 4.5939279943704596 4.3688482642173758 5.2551298588514328 5.8529300838708904 3.5185826942324629
leaf_count=124 13 208 20 22 23 29 35 26 28 23 25 10 70 30 23 20 23 25 23
internal_value=-0.000141147 -0.010963 0.00677238 0.00528997 0.000840387 0.0214107 0.00733162 0.00448872 0.0161776 0.00733649 0.0149021 -0.0295926 -0.00431292 -0.00104614 -0.0109231 0.0100369 0.0217173 0.000909959 -0.00425612
internal_weight=155.395 60.5752 94.8197 91.9131 72.0314 19.8818 13.3308 66.8278 28.7056 22.4835 17.6299 16.0351 38.1222 34.748 18.3737 16.3743 12.0054 11.8129 44.54
internal_count=800 365 435 422 336 86 57 313 127 99 76 134 186 166 93 73 53 51 231
is_linear=0
shrinkage=0.05


Tree=31
num_leaves=20
num_cat=0
split_feature=3 2 0 3 3 3 1 1 0 3 1 0 0 1 2 2 2 3 1
split_gain=4.44656 5.42557 3.52333 2.28337 2.69065 1.98568 2.23179 2.58724 2.57553 3.59018 2.51202 2.03385 2.4586 1.95423 1.94836 1.43673 1.56115 5.29359 4.00706
threshold=192.6168750072699 276.56336486573281 27.185380428628342 17.856221190698864 27.713838824493688 176.07000712615857 0.0057992587240193608 -0.0005406622493455052 35.368744178575788 77.95926345388456 -0.02204124189095967 34.185290785565279 38.845509877402002 0.019770851053167778 706.80129234491403 249.84699359742447 180.14665496062401 32.94573280122561 -0.0021140606487344738
decision_type=2 2 2 2 2 2 2 2 2 2 2 2 2 2 2 2 2 2 2
left_child=1 15 3 -3 -5 6 7 10 13 -10 -4 -12 -13 -8 -6 16 -1 -18 -19
right_child=-2 2 5 4 14 -7 8 -9 9 -11 11 12 -14 -15 -16 -17 17 18 -20
leaf_value=-0.022728760138558277 0.044400667278039888 -0.041385536149100767 0.041566345715254943 0.039222778531697818 -0.010673657441434848 -0.018537963586770408 -0.035180532555496004 0.051019565316463358 -0.011139665173058684 0.042949164508119496 0.028037074494046323 -0.033217492674846992 0.015271836499955133 0.009147960842838759 0.016655524772084929 -0.046447290652072759 -0.061979272563569068 -0.01639505623069102 0.045408868790728266
leaf_weight=21.951550632715225 5.4079886823892585 4.0825557857751837 6.9088279604911831 3.5866612344980231 36.540118992328644 4.749530315399169 5.6106955856084841 6.8660919219255474 5.597519710659979 6.7886301577091217 6.3754544705152538 4.9824831336736661 5.4997835904359818 4.4647617787122726 7.9384674578905097 3.9195565953850737 2.8097331821918479 5.1153576374053946 5.3818561732769004
leaf_count=152 24 26 30 16 193 21 24 30 25 31 28 22 24 21 33 24 21 29 26
internal_value=-0.000137374 -0.00175205 0.00393902 -0.00548589 -0.00243666 0.0124358 0.0152066 0.0239847 0.0032352 0.0185055 0.0161744 0.005768 -0.00777635 -0.0155371 -0.00579599 -0.0177296 -0.0145372 -0.00102411 0.0152914
internal_weight=154.578 149.17 109.992 52.1478 48.0652 57.8438 53.0942 30.6326 22.4616 12.3861 23.7665 16.8577 10.4823 10.0755 44.4786 39.1781 35.2585 13.3069 10.4972
internal_count=800 776 524 268 242 256 235 134 101 56 104 74 46 45 226 252 228 76 55
is_linear=0
shrinkage=0.05


Tree=32
num_leaves=20
num_cat=0
split_feature=0 2 2 3 3 3 2 3 0 3 2 2 3 3 1 0 2 2 1
split_gain=4.01873 3.60547 2.53551 2.46538 6.31354 2.43622 2.35333 2.11219 2.27518 3.96237 2.61024 2.32821 2.07079 1.96111 2.0668 2.63189 2.42133 1.78931 1.60178
threshold=27.185380428628342 474.22582028999744 601.61596684028154 28.062990059235442 51.934200690594139 128.03913182606382 90.63283937912783 190.35658551569364 17.642864073096728 32.94573280122561 180.14665496062401 340.40236901969428 173.73309989241872 182.9996181461394 0.011156156444393174 19.945437346665639 659.20170369730215 690.83679536235343 -0.0091893705591110948
decision_type=2 2 2 2 2 2 2 2 2 2 2 2 2 2 2 2 2 2 2
left_child=1 7 3 -2 -5 17 -6 8 -1 -10 -11 -12 18 14 15 16 -3 -4 -8
right_child=2 13 5 4 6 -7 12 -9 9 10 11 -13 -14 -15 -16 -17 -18 -19 -20
leaf_value=-0.034942698594460753 0.031379720961141298 0.017984735897694417 0.036570943667333621 -0.049097747527980781 -0.041293720065824678 0.047541484537636999 0.030516910245041357 0.018588113275764876 -0.060671067071981749 -0.030131594247949135 0.03530559818705558 -0.012832400203972747 -0.019455172085817055 0.031235614690960273 0.017203732619445914 -0.039143299175500842 -0.020496826079365718 -0.0020944915345415924 0.0064049385100421038
leaf_weight=17.944534800946712 6.5442985966801634 8.760638922452932 4.4915407299995449 6.0602753311395636 2.5484609082341185 6.7953689247369757 9.3365582376718468 3.457296520471572 3.1625727042555836 4.6570768579840651 5.9486667290329915 4.3475416749715805 5.8142585456371298 5.252488210797309 9.9674348384141904 5.8029716908931723 7.663763999938964 8.9629292339086515 26.261069960892204
leaf_count=154 32 43 20 31 18 32 41 15 23 31 29 22 26 22 43 27 34 39 118
internal_value=-0.000134833 -0.00820979 0.00795592 0.0025207 -0.00125499 0.0231384 0.00534051 -0.0187444 -0.0223237 -0.00982399 0.000930009 0.0149795 0.00821035 0.00290727 -0.00171442 -0.0101979 2.89167e-05 0.0108133 0.012729
internal_weight=153.78 76.965 76.8148 56.5649 50.0206 20.2498 43.9603 39.5177 36.0604 18.1159 14.9533 10.2962 41.4119 37.4473 32.1948 22.2274 16.4244 13.4545 35.5976
internal_count=800 443 357 266 234 91 203 274 259 105 82 51 185 169 147 104 77 59 159
is_linear=0
shrinkage=0.05


Tree=33
num_leaves=20
num_cat=0
split_feature=3 2 0 3 3 2 3 1 1 0 3 1 0 0 1 2 1 2 3
split_gain=3.88072 4.5773 2.91024 2.07957 2.41323 1.79053 1.77805 1.9681 2.39251 2.30943 3.25737 2.26976 1.80123 2.18415 1.78177 1.37808 1.3944 3.80634 2.40362
threshold=192.6168750072699 276.56336486573281 27.185380428628342 17.856221190698864 27.713838824493688 706.80129234491403 176.07000712615857 0.0057992587240193608 -0.0005406622493455052 35.368744178575788 77.95926345388456 -0.02204124189095967 34.185290785565279 38.845509877402002 0.019770851053167778 249.84699359742447 -0.0021140606487344738 165.25850870631353 162.40607050387777
decision_type=2 2 2 2 2 2 2 2 2 2 2 2 2 2 2 2 2 2 2
left_child=1 15 3 -3 -5 -6 7 8 11 14 -11 -4 -13 -14 -9 16 18 -18 -1
right_child=-2 2 6 4 5 -7 -8 9 -10 10 -12 12 13 -15 -16 -17 17 -19 -20
leaf_value=-0.031698787825318833 0.041357170918335434 -0.039901947352267091 0.038989415796341381 0.037156560048485603 -0.010089951429667128 0.01616486905897643 -0.018129231321464632 -0.033860548821699067 0.048283028936444733 -0.010990617938846975 0.040658524038595836 0.025763659807976975 -0.032014504837571442 0.013815381510462585 0.008499404030523558 -0.045067857647289704 -0.023840588421887805 0.024458894242834608 0.016010789271033578
leaf_weight=14.629497207701208 5.4351424127817145 3.9542107954621306 6.8162800073623684 3.6062049567699423 36.225732460618019 7.9122083634138098 4.7142119705677024 5.6069549322128314 6.8205638825893429 5.5958466827869398 6.7169382572174072 6.3503341972827938 4.9650197774171811 5.4570666700601578 4.4547752737998962 3.8118249252438536 9.4375095739960688 7.1842811852693549 3.2212216928601256
leaf_count=101 24 26 30 16 193 33 21 24 30 25 31 28 22 24 21 24 71 40 16
internal_value=-0.000134592 -0.0016637 0.00355201 -0.0050563 -0.00217036 -0.00538349 0.011292 0.0139197 0.0222014 0.00266407 0.0171853 0.01466 0.00477252 -0.0080177 -0.0151059 -0.0165402 -0.0133857 -0.00296455 -0.0230894
internal_weight=152.916 147.481 109.196 51.6984 47.7441 44.1379 57.498 52.7838 30.4093 22.3745 12.3128 23.5887 16.7724 10.4221 10.0617 38.2843 34.4725 16.6218 17.8507
internal_count=800 776 524 268 242 226 256 235 134 101 56 104 74 46 45 252 228 111 117
is_linear=0
shrinkage=0.05


Tree=34
num_leaves=20
num_cat=0
split_feature=0 3 2 0 0 2 0 1 0 2 2 1 1 2 1 3 0 1 3
split_gain=3.58347 4.90384 3.972 2.76274 2.97561 2.92782 2.53207 2.45055 2.38141 1.99236 1.966 1.80732 2.7322 3.21145 2.49572 2.13173 3.05081 2.39713 2.0556
threshold=8.255585671372474 191.8175176149521 276.56336486573281 8.7903173125183311 15.036477327635984 779.19763024897679 12.518313135016864 0.006254394408012314 10.638709712653748 323.43688834576295 587.98147597117691 0.01590770908135402 0.02881010273545476 485.33686541895889 -0.0011953449242721914 162.40607050387777 22.184604676555995 -0.02204124189095967 114.75813674902697
decision_type=2 2 2 2 2 2 2 2 2 2 2 2 2 2 2 2 2 2 2
left_child=10 2 -2 -4 6 9 7 8 -5 -6 -1 14 13 -13 15 16 -11 -18 -16
right_child=1 -3 3 4 5 -7 -8 -9 -10 11 -12 12 -14 -15 18 -17 17 -19 -20
leaf_value=-0.047164704201314786 -0.014678766936506099 0.046903923343569881 0.069720175488088329 -0.018346542046733787 0.030627378695071334 0.047508963815233174 -0.046959533057972229 -0.041422627334693561 0.037423162596911808 -0.045042916101731535 0.0035851924731159328 -0.05774736751848171 0.017530008966161473 -0.0046060025502636919 0.031838544737936611 0.023404609505295746 0.028602470415400719 -0.010124708145627687 0.0021019347623510189
leaf_weight=6.0196154192090017 34.960841558873653 5.7760601341724387 1.6147569715976704 3.5274311155080778 7.090428687632083 4.3284950405359259 4.7132741957902899 2.9873262122273445 4.1853262037038803 4.6355457827448801 2.7941230088472366 4.5233061239123362 5.7268305942416182 7.6531579047441483 14.028310440480718 6.6682068556547156 5.3676550537347749 15.633712068200117 9.9221075326204282
leaf_count=47 228 25 8 21 32 20 26 18 23 23 13 24 28 33 63 29 24 71 44
internal_value=-0.000131439 0.00177126 -0.000123745 0.00483558 0.00379813 0.00744051 -0.016425 -0.00297483 0.0119169 0.00530589 -0.031076 0.00288486 -0.0109515 -0.0243469 0.00728828 -0.0017796 -0.00833006 -0.000226584 0.0195194
internal_weight=152.157 143.343 137.567 102.606 100.991 85.5778 15.4134 10.7001 7.71276 81.2493 8.81374 74.1588 17.9033 12.1765 56.2555 32.3051 25.6369 21.0014 23.9504
internal_count=800 740 715 487 479 391 88 62 44 371 60 339 85 57 254 147 118 95 107
is_linear=0
shrinkage=0.05


Tree=35
num_leaves=20
num_cat=0
split_feature=0 3 2 0 0 2 0 0 2 2 3 0 1 1 2 1 1 1 3
split_gain=3.29839 4.41436 3.60677 2.44771 2.70122 2.68861 2.33739 1.99105 1.85785 1.78561 1.68314 2.54505 1.63855 2.48734 3.02755 2.26222 2.41693 3.78122 2.60654
threshold=8.255585671372474 191.8175176149521 276.56336486573281 8.7903173125183311 15.036477327635984 779.19763024897679 12.518313135016864 11.059701530528175 587.98147597117691 323.43688834576295 143.40764392034336 32.873768082742011 0.01590770908135402 0.02881010273545476 485.33686541895889 0.010017681094465885 0.0057992587240193608 -0.0011953449242721914 114.75813674902697
decision_type=2 2 2 2 2 2 2 2 2 2 2 2 2 2 2 2 2 2 2
left_child=8 2 10 -4 6 9 7 -5 -1 -6 -2 -12 15 14 -14 16 17 -11 -19
right_child=1 -3 3 4 5 -7 -8 -9 -10 12 11 -13 13 -15 -16 -17 -18 18 -20
leaf_value=-0.04614453352660336 -0.02073674781600765 0.044449472118579775 0.06520228698546561 -0.020138208907928567 0.028954278850370413 0.045743948492734429 -0.04536422576352328 0.024135869419574102 0.0034031089564453918 -0.0016983817589886726 0.025825360545598204 -0.027222854236662597 -0.05642048299820436 0.01660218139206121 -0.004375655299648065 0.032786267709934265 -0.028268862831443795 0.052073473779942994 0.0028357782202121052
leaf_weight=5.8494189828634244 25.355871230363846 5.789870858192443 1.6396359428763378 6.5010875165462476 7.1242311075329772 4.2721822857856742 4.6370375156402579 4.1670193374156952 2.7963817864656448 32.188550710678093 5.5168027952313405 3.8310604766011238 4.4013124927878398 5.7440783604979506 7.6532358378171921 7.3540616631507865 5.4732825234532347 6.6230503693223053 4.5237995982170105
leaf_count=47 178 25 8 39 32 20 26 23 13 147 30 20 24 28 33 32 25 30 20
internal_value=-0.000130522 0.00168517 -0.000122045 0.00460298 0.00361591 0.00708418 -0.0157268 -0.00284452 -0.0301189 0.0050473 -0.0140509 0.00408446 0.00274449 -0.0104754 -0.0233781 0.00693403 0.00303884 0.00699302 0.032091
internal_weight=151.442 142.796 137.006 102.303 100.663 85.3578 15.3051 10.6681 8.6458 81.0856 34.7037 9.34786 73.9614 17.7986 12.0545 56.1627 48.8087 43.3354 11.1468
internal_count=800 740 715 487 479 391 88 62 60 371 228 50 339 85 57 254 222 197 50
is_linear=0
shrinkage=0.05


Tree=36
num_leaves=20
num_cat=0
split_feature=0 2 3 2 3 3 3 2 3 3 3 2 1 1 1 2 3 1 0
split_gain=3.11638 2.8963 3.45923 1.92556 2.30294 2.20641 5.7131 1.98932 1.92595 1.82669 1.82907 1.77254 2.22451 3.24394 4.40575 1.72335 1.45664 1.45649 1.85906
threshold=27.185380428628342 405.65540030666313 17.856221190698864 601.61596684028154 128.03913182606382 28.062990059235442 51.934200690594139 90.63283937912783 173.73309989241872 185.47782643874808 27.713838824493688 334.94451531170938 0.011691012049054617 0.0036167816088781787 -0.0021140606487344738 690.83679536235343 129.60573061773053 -0.0091893705591110948 41.372341165885977
decision_type=2 2 2 2 2 2 2 2 2 2 2 2 2 2 2 2 2 2 2
left_child=1 11 -3 5 15 -2 -7 -8 17 10 -4 12 13 14 -1 -5 -14 -9 -19
right_child=3 2 9 4 -6 6 7 8 -10 -11 -12 -13 16 -15 -16 -17 -18 18 -20
leaf_value=-0.024661327790747714 0.029610873320085048 -0.049713452062969829 0.03489035503072032 0.033995083188518599 0.044659722192537728 -0.047369704067968706 -0.039297933220244066 0.028966865178374358 -0.019280167494941176 0.034341449534210693 -0.0026795371765769038 -0.046051651691013579 -0.0082613769445357456 -0.063003317270372269 0.039987733038931821 -0.0042873343032749532 0.040284408719498205 0.012844536869824447 -0.019697965108064784
leaf_weight=13.607299908995634 6.5234066843986502 3.1035161241888991 3.6100143939256659 4.4023845642805126 6.557174786925315 5.9289127066731444 2.3994067758321753 9.2427464872598595 5.7546944469213477 4.7071234732866278 31.571380421519279 5.006646439433097 3.6527797132730475 3.850032575428485 3.2683050036430386 8.8486577421426755 2.6781467124819756 20.45869921147824 5.5871813744306555
leaf_count=103 32 20 16 20 32 31 18 41 26 20 151 34 29 31 23 39 16 94 24
internal_value=-0.000129255 -0.00734898 0.00113326 0.00702867 0.020424 0.00228159 -0.00132939 0.00495403 0.00754102 0.00508937 0.00117556 -0.0187224 -0.0136653 -0.021589 -0.0121407 0.00843121 0.0122748 0.0119149 0.00586375
internal_weight=150.759 75.0552 42.992 75.7033 19.8082 55.895 49.3716 43.4427 41.0433 39.8885 35.1814 32.0632 27.0566 20.7256 16.8756 13.251 6.33093 35.2886 26.0459
internal_count=800 443 207 357 91 266 234 203 185 187 167 236 202 157 126 59 45 159 118
is_linear=0
shrinkage=0.05


Tree=37
num_leaves=20
num_cat=0
split_feature=0 3 2 0 0 0 2 1 1 1 1 2 0 2 0 2 0 3 0
split_gain=2.97506 3.95453 3.06891 2.17829 2.58719 2.01102 2.77115 1.82037 2.65983 3.34984 2.49944 1.78592 1.74683 1.64635 2.79841 2.85807 1.86644 1.50963 2.29926
threshold=8.255585671372474 191.8175176149521 276.56336486573281 8.7903173125183311 9.246338712442725 41.84055339565284 290.53984546364183 -0.043945535797811915 -0.028691151378262537 -0.022441994782882498 -0.015580393823927183 587.98147597117691 9.7021893604125182 449.75134264663387 17.642864073096728 345.72404381937343 34.678651642989841 143.40764392034336 32.873768082742011
decision_type=2 2 2 2 2 2 2 2 2 2 2 2 2 2 2 2 2 2 2
left_child=11 2 17 -4 -5 6 -6 -8 -9 -10 -11 -1 -12 14 -14 -16 -17 -2 -19
right_child=1 -3 3 4 5 -7 7 8 9 10 12 -13 13 -15 15 16 -18 18 -20
leaf_value=-0.045163108556441324 -0.019532416740549816 0.042089505308531783 0.061041050467622204 -0.077579186040741627 0.058928926888243728 0.025390107597416636 0.051986594310113668 -0.032565800862611419 0.04250100403401693 -0.036139954757117759 0.064740070480190592 0.0037417114605256992 -0.05670047702306933 0.0051722428482797638 0.029729140862482635 -0.00043308265515871965 -0.043242279768223792 0.024541201763198531 -0.026023464444581729
leaf_weight=5.6420994997024518 24.853697635233402 5.7811794430017462 1.659354805946349 0.97955617308616538 2.0660601630806914 9.9579940587282163 1.6732437014579762 6.0726092383265486 4.7455585077404967 4.6945647075772277 1.0768174082040776 2.7898958772420883 2.9785605818033245 50.718174606561661 4.4952247142791739 6.2453883588314039 4.2985611110925674 5.5493637248873693 3.7792728692293167
leaf_count=47 178 25 8 5 10 45 8 28 22 24 6 13 30 228 21 32 20 30 20
internal_value=-0.000128731 0.00158912 -0.000134479 0.00422329 0.0032805 0.00408038 0.00169782 0.000338689 -0.000674134 0.00176951 -0.000824784 -0.028982 0.00154999 0.000560053 -0.0124228 -0.00365347 -0.0178856 -0.0130949 0.00405614
internal_weight=150.057 141.625 135.844 101.662 100.002 99.0228 89.0648 86.9987 85.3255 79.2528 74.5073 8.432 69.8127 68.7359 18.0177 15.0392 10.5439 34.1823 9.32864
internal_count=800 740 715 487 479 474 429 419 411 383 361 60 337 331 103 73 52 228 50
is_linear=0
shrinkage=0.05


Tree=38
num_leaves=20
num_cat=0
split_feature=2 0 2 3 1 2 0 0 3 3 0 1 3 2 2 2 2 0 0
split_gain=2.83359 3.36369 2.86488 2.79042 3.93393 2.67334 2.90942 3.82499 3.09415 2.40936 2.67611 2.23331 3.3705 1.82542 3.0705 2.59761 1.47802 1.28034 4.23676
threshold=711.46234900372963 6.9453552432161878 677.19275303663687 129.13001527361448 -0.0010449370375450043 530.4715283807858 13.420245393655682 24.561721037174831 135.30859534788888 190.35658551569364 18.355355976595682 0.0018309660200663111 141.85640289075306 180.14665496062401 131.99417459662001 77.56180879594659 235.7175730780277 24.561721037174831 28.78002545294633
decision_type=2 2 2 2 2 2 2 2 2 2 2 2 2 2 2 2 2 2 2
left_child=1 -1 5 4 -2 9 -7 -8 -9 10 11 12 16 14 15 -12 -3 -15 -19
right_child=3 2 -4 -5 -6 6 7 8 -10 -11 13 -13 -14 17 -16 -17 -18 18 -20
leaf_value=-0.04380335797829564 -0.028884083546043278 -0.055414803344937938 -0.033841493147629492 0.04492603011523072 0.027026154043778512 0.044539238554652173 -0.020341297847958309 0.035928742629984467 -0.0084866633079357448 0.028600981797444733 -0.033000281729730421 -0.04612986735046018 0.03129071787091818 0.019330050171680359 -0.051642208607286279 0.022266878674088823 -0.0088958855878337375 -0.036747858918541612 0.0061483775195850451
leaf_weight=4.8139027133584014 5.2697110772132882 3.033053286373617 6.3839053064584723 6.3353492468595496 7.8075168281793603 5.9191973507404319 9.148572117090227 10.783426508307459 6.1617400199174872 5.3156547695398322 3.6454274132847768 6.7371641173958769 3.4418537169694901 9.5465203896164876 4.4874103143811217 5.1012011393904686 3.9069909527897835 6.9024314805865279 34.662730872631073
leaf_count=37 22 35 29 30 35 26 42 49 28 23 28 59 20 49 31 32 35 35 155
internal_value=-0.000128079 -0.00278907 -0.00121179 0.0176905 0.00449609 0.000541714 0.0128912 0.00571204 0.019778 -0.00401396 -0.00614211 -0.0237115 -0.00916346 -0.00146781 -0.0180181 -0.000767416 -0.0292264 0.00281745 -0.000975096
internal_weight=149.404 129.991 125.177 19.4126 13.0772 118.793 32.0129 26.0937 16.9452 86.7804 81.4648 17.1191 10.3819 64.3457 13.234 8.74663 6.94004 51.1117 41.5652
internal_count=800 713 676 87 57 647 145 119 77 502 479 149 90 330 91 60 70 239 190
is_linear=0
shrinkage=0.05


Tree=39
num_leaves=20
num_cat=0
split_feature=0 2 3 1 2 0 3 3 3 3 3 2 3 2 1 1 1 0 3
split_gain=2.62084 2.44311 3.14763 1.69065 2.78882 2.07152 2.58624 6.42237 2.05195 2.64455 1.94599 2.05245 1.81309 1.68794 2.10269 3.13365 3.98327 1.57432 1.55014
threshold=27.185380428628342 405.65540030666313 17.856221190698864 0.01590770908135402 577.58984485109966 42.232417065585054 161.77703834179906 176.07000712615857 147.2540889453683 129.13001527361448 104.94786970527755 453.46390751215978 37.012927979647635 334.94451531170938 0.011691012049054617 0.0036167816088781787 -0.0021140606487344738 33.436064858655293 69.138751955080792
decision_type=2 2 2 2 2 2 2 2 2 2 2 2 2 2 2 2 2 2 2
left_child=1 13 -3 5 17 6 8 -8 9 10 11 12 -2 14 15 16 -1 -5 -14
right_child=3 2 -4 4 -6 -7 7 -9 -10 -11 -12 -13 18 -15 -16 -17 -18 -19 -20
leaf_value=-0.023432807262801093 0.016096319676833466 -0.048579201854961472 0.0046840438721463002 0.0023631692034422605 0.023626952605081134 0.032054053486291402 0.07470215320517809 -0.0056178215053091325 -0.031273271275917044 0.038156687249053134 -0.032264506302171377 0.016992886455474983 -0.04743067292273901 -0.044760891638279614 0.012879119296358602 -0.062657626530593633 0.038086216081836127 -0.038106624333644784 -0.0040667301900224441
leaf_weight=13.173881769180307 4.1824147775769296 2.9826333969831458 39.607635319232941 3.8207139521837217 4.6310860365629187 9.1873106658458692 4.3561175614595395 5.8058719485998154 4.4888787642121306 5.0429176539182654 4.2614802569150916 14.360907092690466 3.8620841652154905 4.796050362288951 6.2255701050162306 3.5975839644670478 3.2879547923803356 6.4767258986830711 4.4188726171851158
leaf_count=103 21 20 187 19 22 43 20 27 20 24 20 63 20 34 45 31 23 37 21
internal_value=-0.000128444 -0.00682433 0.000953973 0.006458 -0.00859822 0.0102062 0.00625336 0.0288128 0.000609285 0.0045706 -0.00087794 0.00410834 -0.0107379 -0.0174829 -0.0125057 -0.020384 -0.0111455 -0.0230909 -0.0242909
internal_weight=148.567 73.6713 42.5903 74.8954 14.9285 59.9669 50.7795 10.162 40.6176 36.1287 31.0858 26.8243 12.4634 31.081 26.285 20.0594 16.4618 10.2974 8.28096
internal_count=800 443 207 357 78 279 236 47 189 169 145 125 62 236 202 157 126 56 41
is_linear=0
shrinkage=0.05


Tree=40
num_leaves=20
num_cat=0
split_feature=3 0 2 1 3 1 1 1 0 3 3 0 2 1 1 1 0 2 1
split_gain=2.50027 2.58317 2.34544 1.70393 1.69902 1.66567 5.60093 2.23163 1.86585 3.06321 2.34011 2.17809 2.00811 2.81396 1.94226 1.8529 1.793 1.89501 1.6265
threshold=192.6168750072699 6.9453552432161878 276.56336486573281 -0.043945535797811915 162.40607050387777 -0.028691151378262537 -0.022648756049161032 -0.014588641305093077 38.845509877402002 135.30859534788888 103.79278325829129 36.712196180075033 465.9729599576894 6.9048018070958785e-05 0.0082658786715345701 0.0056502445540414685 19.660016695177202 562.3278689985865 -0.0021140606487344738
decision_type=2 2 2 2 2 2 2 2 2 2 2 2 2 2 2 2 2 2 2
left_child=1 -1 4 -4 18 -5 -7 -8 10 14 11 12 -9 -14 -10 -12 -17 -18 -3
right_child=-2 2 3 5 -6 6 7 8 9 -11 15 -13 13 -15 -16 16 17 -19 -20
leaf_value=-0.037025955860410027 0.033190028166594374 -0.028797458598592052 0.051235604465788287 -0.021457096625021259 0.012750801262335357 0.05270873937520601 -0.023611886163001656 -0.024629276816982165 0.053464902101435265 -0.01618364815483106 0.021412595104722917 -0.040300190375974571 -0.023457907809217991 0.015526650242473261 0.010512032337439019 -0.031301792795751897 -0.012611020809325735 0.031039129827766639 -0.0047419068590464969
leaf_weight=4.9116253331303588 5.4244510084390631 13.90788619965315 1.8455158919095982 6.638068050146102 5.9579271972179404 5.6544411480426779 8.1113633140921575 8.3132909536361712 5.8676298111677152 4.2107823342084876 17.024673268198971 4.6684873998165122 6.5370689332485226 15.857223033905028 4.7725314795970917 4.0271098613739005 5.2074192464351636 4.7586189955472946 14.202759765088556
leaf_count=38 24 103 9 31 31 27 40 58 27 20 79 21 32 70 22 21 24 22 101
internal_value=-0.00012744 -0.00139594 -0.000123786 0.00362207 -0.011503 0.00275761 0.00444941 0.00139556 0.00389227 0.0199136 0.000308636 -0.00848109 -0.00364362 0.00414675 0.0341988 0.0103334 -0.00314606 0.00823121 -0.0166435
internal_weight=147.899 142.474 137.563 103.494 34.0686 101.649 95.0106 89.3562 81.2448 14.8509 66.3939 35.3761 30.7076 22.3943 10.6402 31.0178 13.9931 9.96604 28.1106
internal_count=800 776 738 503 235 494 463 436 396 69 327 181 160 102 49 146 67 46 204
is_linear=0
shrinkage=0.05


Tree=41
num_leaves=20
num_cat=0
split_feature=2 2 0 2 3 2 2 2 3 3 3 0 1 3 2 2 2 2 0
split_gain=2.3598 2.83061 2.91047 2.69882 2.22283 2.06296 2.93685 4.30634 2.43839 7.31833 2.00477 2.4033 2.10573 2.95826 1.87791 1.56612 2.96955 2.35225 1.49822
threshold=711.46234900372963 679.39313615066169 6.9453552432161878 734.92059386068775 129.13001527361448 530.4715283807858 549.86592881182912 564.28427450353865 135.30859534788888 98.281670575273992 190.35658551569364 18.355355976595682 0.0018309660200663111 141.85640289075306 637.96972449668101 180.14665496062401 131.99417459662001 77.56180879594659 14.10983194496395
decision_type=2 2 2 2 2 2 2 2 2 2 2 2 2 2 2 2 2 2 2
left_child=1 2 -1 -2 -5 10 -7 -8 9 14 11 12 13 18 -9 16 17 -13 -4
right_child=3 -3 5 4 -6 6 7 8 -10 -11 -12 15 -14 -15 -16 -17 -18 -19 -20
leaf_value=-0.040920228416888499 0.049487879362137027 -0.036273085525318528 -0.0084448154621125995 -0.0080542388930233463 0.033674338363299583 0.047279751718497617 -0.045200407367334675 -0.018168100849718986 -0.010291720642595341 0.073782486591871768 0.026174596489236375 -0.031239376245616596 -0.044912150112746269 0.028985304533584711 0.023169560093135796 0.0028949524211759775 -0.050479312703835537 0.021984457480564899 -0.056895169258134454
leaf_weight=4.3862930685281745 4.6318135410547283 5.9404562413692465 3.9806607738137263 9.7257512360811216 4.7500559687614432 4.8290321230888358 3.6973645240068462 5.8970381617546135 7.7241417914628974 5.0443721264600745 5.3321828991174689 3.496656231582163 6.403452329337596 3.4904398322105408 5.1439770609140396 50.63315088301897 4.3115116879343978 5.109174907207489 2.6630313098430634
leaf_count=36 21 27 41 43 23 21 16 29 35 23 23 28 59 20 24 239 31 32 29
internal_value=-0.000123323 -0.00256859 -0.000929353 0.0162679 0.00563847 0.000560265 0.0113165 0.00500293 0.012799 0.023887 -0.00351153 -0.005488 -0.0224671 -0.00828469 0.001091 -0.00106958 -0.0166097 0.000358952 -0.0278655
internal_weight=147.191 128.083 122.142 19.1076 14.4758 117.756 32.3359 27.5069 23.8095 16.0854 85.4203 80.0881 16.5376 10.1341 11.041 63.5505 12.9173 8.60583 6.64369
internal_count=800 713 686 87 66 650 148 127 111 76 502 479 149 90 53 330 91 60 70
is_linear=0
shrinkage=0.05


Tree=42
num_leaves=20
num_cat=0
split_feature=0 2 3 2 1 1 1 2 1 1 0 3 1 2 0 3 3 3 3
split_gain=2.21118 2.01538 2.78967 1.66159 1.94991 3.08458 3.57862 1.55666 1.5816 2.66678 5.06165 4.0017 1.54162 2.36219 1.77343 2.28785 5.77615 1.88466 2.35508
threshold=27.185380428628342 405.65540030666313 17.856221190698864 334.94451531170938 0.011691012049054617 0.0036167816088781787 -0.0021140606487344738 437.56807944241712 -0.027553249323682336 -0.0043491085165333317 14.505953834635692 38.161230389494179 0.01590770908135402 577.58984485109966 42.232417065585054 161.77703834179906 176.07000712615857 147.2540889453683 129.13001527361448
decision_type=2 2 2 2 2 2 2 2 2 2 2 2 2 2 2 2 2 2 2
left_child=1 3 -3 4 5 6 -1 -4 -9 10 -10 -11 14 -14 15 17 -17 18 -2
right_child=12 2 7 -5 -6 -7 -8 8 9 11 -12 -13 13 -15 -16 16 -18 -19 -20
leaf_value=-0.021876599905981883 -0.00081932907856297702 -0.047084617280836204 0.040642087137812588 -0.043748268472014344 0.013317404262382725 -0.062346385714873789 0.03646112689932654 0.027137607648180864 0.017062133606312889 0.051048725221209325 -0.052699215999323971 -0.0033933306926649657 -0.021933902051250807 0.021516669937520244 0.029936797363180053 0.071014053042702904 -0.0054658860464200003 -0.03005773685486773 0.036109996411832448
leaf_weight=12.719892598688611 30.735173590481281 2.8461723923683158 2.7238349393010131 4.6321993693709365 6.1560633257031432 3.3850979134440413 3.313615337014201 5.1557141393423072 4.5163835361599904 4.2344140112400117 6.1284374743700027 16.636810347437859 10.158393092453478 4.5196745544672003 9.0366043001413328 4.3060301691293699 5.7861913591623306 4.4729572460055342 5.022719293832778
leaf_count=103 145 20 17 34 45 31 23 23 23 19 29 76 56 22 43 20 27 20 24
internal_value=-0.000122151 -0.00633219 0.000719849 -0.0161939 -0.0112031 -0.0189766 -0.00982005 0.00417353 0.00146479 -0.00273503 -0.0231009 0.00765203 0.0059546 -0.00855459 0.00954234 0.00588007 0.0271657 0.000540411 0.00436794
internal_weight=146.486 72.4486 42.2418 30.2069 25.5747 19.4186 16.0335 39.3956 36.6718 31.516 10.6448 20.8712 74.0377 14.6781 59.3597 50.3231 10.0922 40.2309 35.7579
internal_count=800 443 207 236 202 157 126 187 170 147 52 95 357 78 279 236 47 189 169
is_linear=0
shrinkage=0.05


Tree=43
num_leaves=20
num_cat=0
split_feature=0 3 2 2 0 0 2 2 2 1 1 1 1 1 2 0 1 3 2
split_gain=2.17069 3.05278 1.92707 1.67977 1.72296 2.58873 2.50221 1.74241 2.98419 1.66522 2.78047 2.90722 3.7751 2.34992 2.4485 2.1619 2.63504 1.86774 1.74844
threshold=8.255585671372474 191.8175176149521 276.56336486573281 290.53984546364183 8.7903173125183311 15.036477327635984 779.19763024897679 659.20170369730215 474.22582028999744 0.01590770908135402 0.010017681094465885 0.0057992587240193608 -0.0031404664337898293 0.02881010273545476 485.33686541895889 22.184604676555995 -0.022441994782882498 138.60021116358561 525.82784590277947
decision_type=2 2 2 2 2 2 2 2 2 2 2 2 2 2 2 2 2 2 2
left_child=-1 2 -2 -4 -5 7 9 8 -6 10 11 12 15 14 -11 -7 -17 18 -14
right_child=1 -3 3 4 5 6 -8 -9 -10 13 -12 -13 17 -15 -16 16 -18 -19 -20
leaf_value=-0.02575117175138297 -0.010751082658612784 0.03696683506233555 0.043023494585514792 0.052339187942075038 -0.043741297545359319 -0.029502259885271349 0.043053615815929425 -0.044559521009011255 0.012965090307181987 -0.054052942984740719 0.034095543234983726 -0.031534543327097188 0.020195504799456497 0.015777855450355212 -0.0064761608927966039 0.028976937486901996 -0.0062186381875597536 0.0037771831030787547 0.065347915872434673
leaf_weight=7.8187638968229285 32.711164116859436 5.7587154209613791 2.5839288160204879 1.6821328327059735 3.5621254183351976 6.0555607452988545 4.0581560283899298 4.3611174747347823 6.6538553610444069 4.2203065529465693 8.0371074229478818 5.6004385948181143 4.2499431222677284 5.6059274151921263 7.5280632227659225 7.382150918245304 19.01963491737844 4.7071330547332755 4.3268053382635117
leaf_count=60 228 25 12 8 35 31 20 20 31 25 36 26 20 28 33 34 88 20 20
internal_value=-0.000121613 0.0013294 -0.000221279 0.00323578 0.00217645 0.00129167 0.00479084 -0.0181019 -0.00680739 0.00276724 0.00674926 0.00246843 0.00663166 -0.0108575 -0.0235669 -0.00255772 0.00362233 0.0290847 0.042974
internal_weight=145.923 138.104 132.346 99.6344 97.0505 95.3683 80.7912 14.5771 10.216 76.7331 59.3788 51.3417 45.7412 17.3543 11.7484 32.4573 26.4018 13.2839 8.57675
internal_count=800 740 715 487 475 467 381 86 66 361 275 239 213 86 58 153 122 60 40
is_linear=0
shrinkage=0.05


Tree=44
num_leaves=20
num_cat=0
split_feature=2 2 3 1 0 2 3 3 0 2 2 2 3 0 1 3 0 1 1
split_gain=1.98807 2.61429 2.3627 3.03384 2.32459 2.8933 2.01369 5.08079 1.81996 1.90738 1.86131 1.65261 2.01035 2.54773 1.85533 2.14004 4.64 1.64 3.4179
threshold=711.46234900372963 679.39313615066169 129.13001527361448 -0.0010449370375450043 27.654193915026159 601.61596684028154 28.062990059235442 51.934200690594139 6.9453552432161878 409.17331519284704 343.15586915331647 90.63283937912783 152.5677198658762 34.988932084036186 0.013847750363924211 125.21143409081076 32.312611029033512 0.011691012049054617 0.0036167816088781787
decision_type=2 2 2 2 2 2 2 2 2 2 2 2 2 2 2 2 2 2 2
left_child=1 4 3 -2 8 6 -6 -8 -1 10 17 -9 14 -14 15 16 -13 18 -10
right_child=2 -3 -4 -5 5 -7 7 11 9 -11 -12 12 13 -15 -16 -17 -18 -19 -20
leaf_value=-0.039400602224069894 -0.026426403477970387 -0.034932605245980949 0.040904811147662347 0.023082823193867383 0.028622442506391638 0.037265600643437931 -0.045732655283647644 -0.03714038610717843 -0.0061240895159410556 0.0040385908476847122 -0.043234453068007349 -0.029579972750235703 0.018926910486044984 -0.029314473945262549 -0.0062505356812887769 0.05136847684918075 0.031622495607254657 0.013821675303208958 -0.062840070085335764
leaf_weight=4.2071630731225005 5.2221482545137414 5.8796693310141555 6.0103170573711386 7.5939241796731958 6.3972072079777709 6.6661002784967414 5.6520870849490157 2.217877931892871 14.843834556639203 27.75639721006155 4.6670635379850856 4.4266838729381623 4.5127332210540754 6.9548177570104599 7.6625124588608733 4.9039968550205222 10.308627620339392 6.0387192741036406 3.2353511527180663
leaf_count=36 22 27 30 35 32 33 31 18 116 136 35 20 20 31 39 21 47 42 29
internal_value=-0.000118446 -0.00237734 0.0150394 0.00290936 -0.000788192 0.00621843 0.00231615 -0.00129211 -0.00767418 -0.00531347 -0.0143313 0.00483618 0.00723753 -0.0103304 0.0146166 0.0227581 0.0132365 -0.0087383 -0.0162737
internal_weight=145.157 126.331 18.8264 12.8161 120.451 59.7026 53.0365 46.6393 60.7485 56.5414 28.785 40.9872 38.7694 11.4676 27.3018 19.6393 14.7353 24.1179 18.0792
internal_count=800 713 87 57 686 292 259 227 394 358 222 196 178 51 127 88 67 187 145
is_linear=0
shrinkage=0.05


Tree=45
num_leaves=20
num_cat=0
split_feature=3 0 2 1 1 1 1 0 0 2 3 0 2 3 2 3 0 1 2
split_gain=2.05003 1.92508 1.61361 1.50686 1.51446 5.0472 2.3786 2.14151 1.81866 1.56827 1.5161 3.13492 4.50797 1.77681 4.4503 1.66548 2.8724 2.85247 1.49106
threshold=192.6168750072699 6.9453552432161878 276.56336486573281 -0.043945535797811915 -0.028691151378262537 -0.022441994782882498 -0.015580393823927183 7.1979144831111155 8.4492302110372837 313.749837919816 103.79278325829129 38.994192638470025 465.9729599576894 70.13929056622429 573.18398813172314 152.5677198658762 34.767250420309388 0.0032638021844479076 713.0547753276295
decision_type=2 2 2 2 2 2 2 2 2 2 2 2 2 2 2 2 2 2 2
left_child=1 -1 -3 -4 -5 -6 -7 -8 -9 -10 11 12 -11 14 -14 -12 17 -17 -16
right_child=-2 2 3 4 5 6 7 8 9 10 15 -13 13 -15 18 16 -18 -19 -20
leaf_value=-0.033374891476296874 0.030180060417179064 -0.0098132279356499593 0.048536772414887075 -0.02114436389494927 0.047336035018516395 -0.029849481401532763 0.16071127372299465 -0.050272526177801181 0.035133857544503135 -0.045222442164133687 0.018398095407262064 0.028075579799260036 0.047286347195813712 -0.021084857637906962 -0.024031067145195008 0.032632529216964322 -0.037175873057376241 -0.016510149803939504 0.011590314288136439
leaf_weight=4.5223856903612605 5.3757622689008704 33.005998242646456 1.7780914306640614 6.5478018075227729 6.1954742744565001 5.9631830453872672 0.21432319283485313 1.603144634515046 3.7374539449810973 7.4939645789563647 21.061434425413609 6.0106234997510901 5.0701701119542184 7.5703783184289923 6.7849154025316221 6.3964627087116259 4.4433870017528525 5.4849279299378395 5.1810604929924011
leaf_count=38 24 235 9 31 30 31 1 10 18 53 102 29 23 34 33 29 21 27 22
internal_value=-0.00011656 -0.00128772 -0.000209173 0.00291276 0.00209956 0.00373238 0.000627817 0.0028701 0.00245162 0.00351837 0.00195327 -0.00506448 -0.0112698 -0.000929394 0.00802712 0.00910708 -0.00287973 0.00994629 -0.00860763
internal_weight=144.441 139.065 134.543 101.537 99.7587 93.2109 87.0154 81.0522 80.8379 79.2348 75.4973 38.1111 32.1005 24.6065 17.0361 37.3862 16.3248 11.8814 11.966
internal_count=800 776 738 503 494 463 433 402 401 391 373 194 165 112 78 179 77 56 55
is_linear=0
shrinkage=0.05


Tree=46
num_leaves=20
num_cat=0
split_feature=3 2 2 3 1 3 0 2 0 3 0 3 1 2 3 0 1 1 1
split_gain=1.90603 1.74991 2.17642 1.86942 2.72006 1.6949 3.01192 2.48537 2.04475 4.60526 2.77573 3.13224 2.67663 3.04298 1.5057 1.43183 1.35281 4.42665 3.24982
threshold=191.8175176149521 711.46234900372963 679.39313615066169 129.13001527361448 -0.0010449370375450043 181.37096716610816 27.654193915026159 601.61596684028154 33.022922242458158 122.6829596294442 35.176694715900048 152.5677198658762 0.01590770908135402 453.46390751215978 77.95926345388456 39.620581747533826 0.022610433893761956 0.013847750363924211 0.011156156444393174
decision_type=2 2 2 2 2 2 2 2 2 2 2 2 2 2 2 2 2 2 2
left_child=1 2 5 4 -3 6 16 8 9 14 -10 12 13 15 -8 -12 17 18 -1
right_child=-2 3 -4 -5 -6 -7 7 -9 10 -11 11 -13 -14 -15 -16 -17 -18 -19 -20
leaf_value=-0.0099050958027210052 0.025825693461107586 -0.025268275801451003 -0.033422357813665191 0.037371904367993182 0.021724441423955874 -0.024891819325742387 0.016865160011029882 0.038377148058870519 -0.037596481022994156 0.053424000047486875 -0.016067720026487219 -0.034636688608826356 -0.019747854680532199 0.049649974808680823 -0.023503465414612054 0.018664757635428481 0.01359170084855113 -0.052404734278328237 0.047773730911603321
leaf_weight=36.280985433608294 6.7492336630821219 5.2103863060474405 5.8202353268861762 5.5055342763662329 7.5289231687784204 7.5888990089297286 4.7174385413527471 5.8895693719387046 4.914834812283515 5.974664017558097 4.7008053436875441 4.6263709962368003 5.6827213689684859 5.7585032880306235 4.5260549038648605 8.0463808923959714 5.756469562649726 5.9281133860349646 2.6183623224496833
leaf_count=262 30 22 27 28 35 36 25 30 25 27 24 22 33 26 21 38 34 39 16
internal_value=-0.000114379 -0.0013916 -0.00360523 0.013026 0.00250439 -0.00206959 -0.000426699 0.0076903 0.00399795 0.0192121 -0.00286639 0.0030574 0.0102669 0.0194838 -0.00290124 0.00585639 -0.00922622 -0.0121564 -0.00602266
internal_weight=143.824 137.075 118.83 18.2448 12.7393 113.01 105.421 54.8373 48.9478 15.2182 33.7296 28.8148 24.1884 18.5057 9.24349 12.7472 50.5839 44.8275 38.8993
internal_count=800 770 685 85 57 658 622 271 241 73 168 143 121 88 46 62 351 317 278
is_linear=0
shrinkage=0.05


Tree=47
num_leaves=20
num_cat=0
split_feature=3 2 1 1 1 1 1 1 1 2 3 2 3 3 2 0 0 2 2
split_gain=1.7198 1.63247 1.44166 1.50085 4.79135 2.87021 1.39201 3.02431 2.58694 2.36765 1.98367 3.60197 1.38648 1.92765 1.80224 2.25199 3.69353 3.19809 2.10324
threshold=191.8175176149521 280.69670368716481 -0.043945535797811915 -0.028691151378262537 -0.022441994782882498 -0.014588641305093077 -0.0021140606487344738 -0.010857286511679387 0.0044708944677961391 158.71677296917611 51.934200690594139 192.98890302659296 77.339105188884773 88.20605035796622 562.3278689985865 14.646852732646956 22.510763549130477 476.04786519042091 623.85933650371146
decision_type=2 2 2 2 2 2 2 2 2 2 2 2 2 2 2 2 2 2 2
left_child=1 6 -3 -4 -5 -6 7 9 -8 -1 -10 -12 -7 -14 15 -15 -17 -18 -16
right_child=-2 2 3 4 5 12 8 -9 10 -11 11 -13 13 14 18 16 17 -19 -20
leaf_value=0.014338701075339548 0.024518472955306913 0.046800170177609374 -0.021524577064948227 0.045439958835151388 -0.030294458658620595 -0.0057834531985587155 0.032830138754452301 -0.053904027067360076 -0.044692210043598808 -0.029319387647363322 -0.029812962609003651 0.031622367567014954 0.043036117910503671 -0.040733399881355992 0.043975635655875422 0.046465032474425308 0.0099854401610650397 -0.033594895446579946 0.0067147115975408657
leaf_weight=6.1857626922428626 6.7535008043050757 1.7537699490785588 6.8458334654569617 6.1347037479281417 7.2966689914464942 31.076148103922606 4.3222712017595795 4.9181072264909735 3.3920090422034255 6.2363294549286366 4.9469846449792367 4.6084142699837685 3.582494042813777 3.5857670232653645 5.0488132238388088 3.8442464172840145 10.391044661402704 7.0765929222106925 15.156415849924086
leaf_count=44 30 9 33 30 40 165 29 41 31 43 43 23 18 26 24 21 47 30 73
internal_value=-0.000110763 -0.0013302 0.00185932 0.00107146 0.00273134 -0.000278198 -0.010711 -0.0207181 -0.000663065 -0.0075792 -0.0118442 -0.000183697 0.00246772 0.00773449 0.00493051 -0.0040733 0.00209483 -0.00767008 0.0160253
internal_weight=143.156 136.402 101.792 100.039 93.1929 87.0582 34.6099 17.3402 17.2697 12.4221 12.9474 9.5554 79.7615 48.6854 45.1029 24.8977 21.3119 17.4676 20.2052
internal_count=800 770 516 507 474 444 254 128 126 87 97 66 404 239 221 124 98 77 97
is_linear=0
shrinkage=0.05


Tree=48
num_leaves=20
num_cat=0
split_feature=0 3 2 2 2 2 2 2 3 3 3 2 3 3 2 1 1 2 3
split_gain=1.66573 2.30452 1.60266 1.30369 1.19045 2.69089 1.83488 1.21478 2.23044 1.38777 1.54939 1.35237 2.44847 4.44871 1.31811 1.26438 3.78819 1.75438 1.93325
threshold=8.255585671372474 191.8175176149521 587.98147597117691 748.09185257738056 734.92059386068775 711.46234900372963 679.39313615066169 276.56336486573281 27.713838824493688 41.188967651758922 181.73966953398806 562.3278689985865 135.30859534788888 98.281670575273992 249.84699359742447 -0.028691151378262537 -0.021467285661079329 345.72404381937343 145.93300214767072
decision_type=2 2 2 2 2 2 2 2 2 2 2 2 2 2 2 2 2 2 2
left_child=2 3 -1 4 5 6 7 14 -9 -10 11 15 13 -13 -2 -11 -17 -18 -19
right_child=1 -3 -4 -5 -6 -7 -8 8 9 10 -12 12 -14 -15 -16 16 17 18 -20
leaf_value=-0.040492246278924296 -0.00549720030876497 0.032224553326769066 0.0078994678971348164 0.017876860342231057 -0.029870058186771461 0.040338022062583911 -0.030392065413393277 0.026289944551512141 -0.026604862584217272 -0.033769904696862335 -0.025809459423633649 0.0020243893961061168 -0.010365094466207444 0.067062037054649901 -0.039390405234957723 0.049566516409069443 0.018568036232894568 -0.0023570735351668205 -0.034212259342768218
leaf_weight=4.7725902013480654 28.558048140257601 5.7167350798845282 2.6671100631356239 9.2463058531284315 3.613646298646926 3.8566118478775016 5.4667052701115599 8.8828976564109308 4.6904995404183856 2.7458652406930772 4.7585060298442832 6.0921328812837618 5.7430264055728903 4.6257895976305008 3.1888844966888419 3.680838719010338 6.9751735180616654 21.155128933489326 6.1467520967125884
leaf_count=47 207 25 13 44 17 18 25 47 27 15 21 30 27 22 21 18 38 108 30
internal_value=-0.000110563 0.00115743 -0.023144 -0.000214789 -0.0016067 -0.000730521 -0.00213577 -0.00069541 0.00275539 -0.000382929 0.0016033 0.0038852 0.0159785 0.0300942 -0.00890167 -0.00100542 0.00136475 -0.00381139 -0.00952896
internal_weight=142.583 135.144 7.4397 129.427 120.181 116.567 112.71 107.244 75.4966 66.6137 61.9232 57.1647 16.4609 10.7179 31.7469 40.7038 37.9579 34.2771 27.3019
internal_count=800 740 60 715 671 654 636 611 383 336 309 288 79 52 228 209 194 176 138
is_linear=0
shrinkage=0.05


Tree=49
num_leaves=20
num_cat=0
split_feature=1 0 2 3 1 2 2 1 2 1 2 1 2 2 2 1 3 0 0
split_gain=1.71735 1.8496 1.99831 1.74613 1.46787 1.476 2.81737 1.94188 1.33578 1.86603 2.52506 2.36805 1.11057 2.62814 2.1363 1.75226 1.58898 2.97054 2.59944
threshold=-0.041351794653448591 8.255585671372474 587.98147597117691 191.8175176149521 -0.031930001087650046 192.98890302659296 150.23304791349753 -0.010857286511679387 211.14731031099737 -0.021467285661079329 553.99374194160384 -0.015580393823927183 706.80129234491403 739.63658057376563 677.19275303663687 0.0075579038915376678 145.93300214767072 34.767250420309388 18.246094787948383
decision_type=2 2 2 2 2 2 2 2 2 2 2 2 2 2 2 2 2 2 2
left_child=-1 2 -2 4 -3 6 7 -6 -7 10 -10 -11 14 -14 16 -15 -13 18 -18
right_child=1 3 -4 -5 5 8 -8 -9 9 11 -12 12 13 15 -16 -17 17 -19 -20
leaf_value=0.030604581625163014 -0.04777329566864013 -0.026443903437629115 0.0074898282372339508 0.027924748704091496 0.024454842586153831 0.034943382861769859 -0.051544005584831167 -0.016698767032463532 0.043161814793194031 -0.037604714890263423 -0.0066463660510709989 0.0048026173716030403 0.046273097486015387 -0.0187707683878982 -0.036648708792609119 0.024620182925900316 -0.029367680272451985 -0.04823503507734106 0.018549113702546121
leaf_weight=4.4108038879930964 4.2176900357007971 5.409181907773017 2.6721981838345528 5.4578407555818549 4.3926896229386339 3.0589061230421057 3.7908419370651236 8.2500913254916668 5.8521058484911901 4.1916510351002207 4.5020817220211029 51.5843660607934 4.3062817454338065 5.6031988710165006 4.1032914519309989 3.9789215922355652 4.6391215845942515 4.3952093273401251 7.2594175189733505
leaf_count=24 44 29 13 24 30 18 27 75 32 25 20 275 20 27 19 20 25 20 33
internal_value=-0.000106335 -0.00109032 -0.0263399 0.000239955 -0.000965777 0.000183567 -0.0137364 -0.00240009 0.00239431 0.00140279 0.0215048 -0.000908306 0.000882994 0.0138281 -0.00161469 -0.00075292 0.000503143 -0.0131086 -0.000133166
internal_weight=142.076 137.665 6.88989 130.775 125.317 119.908 16.4336 12.6428 103.475 100.416 10.3542 90.0615 85.8698 13.8884 71.9814 9.58212 67.8781 16.2937 11.8985
internal_count=800 776 57 719 695 666 132 105 534 516 52 464 439 67 372 47 353 78 58
is_linear=0
shrinkage=0.05


Tree=50
num_leaves=20
num_cat=0
split_feature=1 0 2 3 3 2 0 2 3 3 3 1 2 3 0 1 1 0 3
split_gain=1.54781 1.70628 1.89028 1.58955 3.63924 3.43417 2.79898 2.69649 2.4913 3.31322 2.59517 2.33589 2.07243 2.3383 2.01837 1.85959 1.60259 3.08124 2.33006
threshold=-0.041351794653448591 8.255585671372474 587.98147597117691 128.03913182606382 134.03818760898426 690.83679536235343 9.4959229042650666 28.99949259275585 162.40607050387777 170.1299372328053 190.35658551569364 -0.006033843443171814 183.11241247206036 114.75813674902697 21.740166898944803 0.0045825174439254436 0.027219714207999506 42.720869287312205 104.27443125562012
decision_type=2 2 2 2 2 2 2 2 2 2 2 2 2 2 2 2 2 2 2
left_child=-1 2 -2 7 -5 6 -6 -3 11 -10 14 -8 15 16 -11 -9 17 18 -14
right_child=1 3 -4 4 5 -7 8 12 9 10 -12 -13 13 -15 -16 -17 -18 -19 -20
leaf_value=0.029023778663550173 -0.046971013092230285 0.17167490361846105 0.0071022956879229441 0.053028638873361227 0.052956735689749006 0.040405533622408861 -0.057215965423319137 -0.010949852418004814 0.047763249106201236 -0.049964440860686909 0.023136268475240706 -0.010197591018316333 -0.0022648875004709417 -0.028000907493346872 -0.0037033987800875788 -0.056746451471916183 -0.025243371177046833 0.045601813690557533 0.035623939166052637
leaf_weight=4.4182884544134131 4.0787865072488776 0.21777796745300193 2.676978774368763 4.0068803355097762 2.195606328547 5.4680706560611716 3.3534399494528779 6.9335592873394472 3.8877615332603481 3.3580701053142565 6.0384465157985678 12.443176582455632 50.312884993851185 7.4492559283971778 7.9157023057341576 3.2582710012793541 5.1160377934575072 4.125331997871398 4.4137202203273764
leaf_count=24 44 2 13 22 11 28 18 58 18 19 26 64 274 36 39 34 27 20 23
internal_value=-0.000104917 -0.00104262 -0.0255444 0.000225859 0.00738139 0.00328596 -0.00189294 -0.00402995 -0.00514806 0.0060519 -0.00331511 -0.0201791 -0.00449883 -0.00148883 -0.017483 -0.0255908 0.00159858 0.00393196 0.00079086
internal_weight=141.668 137.25 6.75577 130.494 48.6672 44.6603 39.1922 81.8268 36.9966 21.2 17.3122 15.7966 81.6091 71.4172 11.2738 10.1918 63.968 58.8519 54.7266
internal_count=800 776 57 719 245 223 195 474 184 102 84 82 472 380 58 92 344 317 297
is_linear=0
shrinkage=0.05


Tree=51
num_leaves=20
num_cat=0
split_feature=0 3 3 2 0 2 0 3 2 1 1 0 1 1 3 1 1 0 0
split_gain=1.4292 1.69066 2.59823 1.83768 1.60594 3.05624 2.17803 1.59125 1.49202 1.56159 2.73537 1.19781 2.2681 2.81335 2.66701 1.93558 1.6628 1.71401 1.58613
threshold=27.654193915026159 17.856221190698864 10.771661587424532 405.65540030666313 18.355355976595682 158.71677296917611 25.163183244106587 143.40764392034336 437.56807944241712 -0.027553249323682336 -0.014497340414161763 30.249932789736146 0.01590770908135402 -0.0005406622493455052 77.95926345388456 0.0057992587240193608 -0.0047195945395283826 41.372341165885977 36.335684788035977
decision_type=2 2 2 2 2 2 2 2 2 2 2 2 2 2 2 2 2 2 2
left_child=1 2 -1 4 5 7 -6 -3 -5 -10 -11 -2 13 16 -14 -15 17 18 -13
right_child=11 3 -4 8 6 -7 -8 -9 9 10 -12 12 14 15 -16 -17 -18 -19 -20
leaf_value=0.0092193154497748949 0.021242723844128609 -0.031502485529154092 -0.061563571953946752 0.039760190626026509 0.0096927799614559568 -0.050299810113611336 -0.032851370984353118 0.024425840326404873 0.027409605409171808 -0.046094378328084697 0.0021955071088537929 0.0079769346171256247 -0.049576805903288966 0.041474440025131565 0.0023079849959414082 0.0092777405435485738 -0.031224002658985152 0.022148386692624051 -0.021814011446325814
leaf_weight=2.2186366543173781 9.7496428191661817 2.1712687127292174 3.1191426403820515 2.7079608365893355 10.74334469437599 6.3656316511332989 4.1783273071050635 3.0699822977185249 4.9586558267474166 3.2672835141420391 28.622690983116627 9.2433601990342193 4.217906102538107 7.4393607378006044 5.9999642819166183 12.530458927154539 4.4367264360189429 7.4285449534654608 8.6482857167720777
leaf_count=22 48 30 29 17 63 72 26 18 23 18 134 44 25 36 34 61 22 35 43
internal_value=-0.000104608 -0.00507518 -0.0321428 -0.00288889 -0.0130702 -0.0270188 -0.00222032 0.00125667 0.00393921 0.00130677 -0.00275203 0.00498925 0.00234572 0.00675442 -0.0191099 0.021272 -0.00298829 0.00195931 -0.00642312
internal_weight=141.117 71.4229 5.33778 66.0851 26.5286 11.6069 14.9217 5.24125 39.5566 36.8486 31.89 69.6943 59.9446 49.7267 10.2179 19.9698 29.7569 25.3202 17.8916
internal_count=800 452 51 401 209 120 89 48 192 175 152 348 300 241 59 97 144 122 87
is_linear=0
shrinkage=0.05


Tree=52
num_leaves=20
num_cat=0
split_feature=1 0 2 3 1 2 2 1 2 1 2 1 1 1 1 0 0 0 0
split_gain=1.35467 1.50291 1.77711 1.42846 1.38529 1.24835 2.65 1.714 1.151 1.77441 2.24283 1.91929 1.31623 1.94238 2.59016 4.13142 3.39297 2.76453 2.51787
threshold=-0.041351794653448591 8.255585671372474 587.98147597117691 191.8175176149521 -0.031930001087650046 192.98890302659296 150.23304791349753 -0.010857286511679387 213.13348914872842 -0.021467285661079329 553.99374194160384 -0.014588641305093077 -0.012461408419237657 -0.0047709602172224313 0.0056502445540414685 18.023361773096585 11.059701530528175 24.745615901903715 20.782660344373081
decision_type=2 2 2 2 2 2 2 2 2 2 2 2 2 2 2 2 2 2 2
left_child=-1 2 -2 4 -3 6 7 -6 -7 10 -10 -11 -13 -14 16 -16 -15 -17 -18
right_child=1 3 -4 -5 5 8 -8 -9 9 11 -12 12 13 14 15 17 18 -19 -20
leaf_value=0.027133293580613574 -0.045925855934070697 -0.025815270622297298 0.0070499097817600387 0.025319403329095432 0.023208017059503355 0.030018503673567027 -0.050356108511779824 -0.015548042551839371 0.041456194041792682 -0.029991521289442394 -0.0056225197698669656 0.029875721712792569 -0.016074314118051655 -0.035759958403110463 -0.03858805333821988 0.030950266284938785 0.051900388071094344 -0.0039840611271510472 0.012643501331985161
leaf_weight=4.4210126101970664 3.8858313597738734 5.3410709723830214 2.6713726446032524 5.4193813055753699 4.4229890555143365 3.5987696126103392 3.6262156181037417 8.0359045341610909 5.792877182364462 5.3785072155296794 4.4911079257726669 3.724735837429761 16.058895993977778 2.6516879759729006 7.1301273480057707 7.1305207833647719 5.8635473884642151 27.518790081143379 13.462375849485396
leaf_count=24 44 29 13 24 30 21 27 75 32 31 20 20 82 19 46 34 31 135 63
internal_value=-0.00010556 -0.000989694 -0.0243438 0.00019149 -0.000904701 0.000214421 -0.0127382 -0.00178939 0.00224108 0.00123341 0.0208965 -0.00104073 0.000823172 -0.00053261 0.00338198 -0.00392736 0.017277 0.00320511 0.0245542
internal_weight=140.626 136.205 6.5572 129.648 124.228 118.887 16.0851 12.4589 102.802 99.2032 10.284 88.9192 83.5407 79.8159 63.757 41.7794 21.9776 34.6493 19.3259
internal_count=800 776 57 719 695 666 132 105 534 513 52 461 430 410 328 215 113 169 94
is_linear=0
shrinkage=0.05


Tree=53
num_leaves=20
num_cat=0
split_feature=0 3 3 2 0 1 1 1 2 2 1 1 0 1 0 3 0 0 0
split_gain=1.30371 1.55856 2.48403 1.55674 2.13634 2.2765 2.74911 2.3104 2.09341 1.37586 1.48236 2.41745 1.22914 4.00876 1.50038 1.11049 1.10045 1.0355 2.38813
threshold=27.185380428628342 17.856221190698864 10.771661587424532 405.65540030666313 8.4492302110372837 0.011691012049054617 0.0036167816088781787 -0.0026479719177407816 184.51300837386682 437.56807944241712 -0.027553249323682336 -0.014497340414161763 12.518313135016864 -0.0039982764237927971 9.8077785188961872 112.12523157955606 21.107798965883081 44.175906285877453 42.232417065585054
decision_type=2 2 2 2 2 2 2 2 2 2 2 2 2 2 2 2 2 2 2
left_child=1 2 -1 4 -3 6 7 8 15 -5 -11 -12 14 -14 -13 -6 -10 18 -2
right_child=17 3 -4 9 5 -7 -8 -9 16 10 11 12 13 -15 -16 -17 -18 -19 -20
leaf_value=0.0087401497170141763 0.0029189631174586154 -0.058230609209831787 -0.060962440573991361 0.037672990659311074 -0.019614596750657572 0.02016612799389203 -0.064012708190461579 0.024144588299015037 -0.059312328266159599 0.02629336680207256 -0.044430336813529502 -0.001945836592473433 -0.044519310278066292 0.008403898307946446 0.037979613457038097 0.027862718970283508 -0.015965877734452207 -0.019231302263297709 0.033688193859621629
leaf_weight=2.227339554578065 60.040141589939594 2.3181364424526718 2.9995537772774696 2.7348186671733847 2.5008140429854446 5.506360385566949 2.6116355992853633 3.9916541613638392 3.3386717550456524 4.9383901804685584 3.189153969287875 5.2044187039136904 4.9331995248794618 13.026584386825556 4.2950477376580238 2.4268200993537903 2.6079357638955116 4.2742799222469321 7.0462229847908011
leaf_count=22 300 28 29 17 24 40 25 24 34 23 18 27 24 58 20 16 14 21 36
internal_value=-0.000105388 -0.00501385 -0.03126 -0.00285764 -0.0124829 -0.00786882 -0.0167013 -0.00838969 -0.0203322 0.00349749 0.000871123 -0.00322517 0.00156045 -0.00613307 0.0161059 0.0037676 -0.0403024 0.00463042 0.00615072
internal_weight=140.211 68.8505 5.22689 63.6236 25.302 22.9839 17.4775 14.8659 10.8742 38.3216 35.5868 30.6484 27.4593 17.9598 9.49947 4.92763 5.94661 71.3606 67.0864
internal_count=800 443 51 392 205 177 137 112 88 187 170 147 129 82 47 40 48 357 336
is_linear=0
shrinkage=0.05


Tree=54
num_leaves=20
num_cat=0
split_feature=2 2 2 1 1 0 0 0 2 2 3 3 3 3 3 1 3 0 3
split_gain=1.23954 1.91925 1.89714 2.08059 2.29098 1.63417 1.27228 3.92478 1.82067 2.29398 2.78629 4.12514 1.72582 3.01977 5.12213 2.19317 2.29189 1.53438 1.47489
threshold=711.46234900372963 679.39313615066169 734.92059386068775 -0.0086351661988683538 0.0075579038915376678 6.9453552432161878 44.175906285877453 42.720869287312205 530.4715283807858 549.86592881182912 131.52948665396084 94.44275404511437 129.60573061773053 147.2540889453683 162.40607050387777 0.0012961780321970354 181.73966953398806 18.355355976595682 115.81797940630317
decision_type=2 2 2 2 2 2 2 2 2 2 2 2 2 2 2 2 2 2 2
left_child=1 5 -2 -4 -5 -1 7 8 12 -10 11 -11 17 -14 -15 16 -16 -7 -19
right_child=2 -3 3 4 -6 6 -8 -9 9 10 -12 -13 13 14 15 -17 -18 18 -20
leaf_value=-0.033978115828861059 0.040947551953430729 -0.030265576283131569 0.03108099708251514 -0.035021659333719077 0.014586878302392407 -0.029576461986831212 -0.027841283500366742 0.048867332594037936 0.04282278871404771 0.00064684562013197296 -0.017502474440714913 0.056124366083763901 0.032254986708980263 -0.046824912171803929 0.048684844961157159 -0.014663534854963063 0.00089297238392278008 -0.0027425596248333269 -0.035230293456595591
leaf_weight=3.5406680405139914 4.3343640267848995 5.6938446313142768 4.4644315093755731 4.6962632983922923 4.6135811135172844 8.6878339387476426 3.8196512311696997 4.2070864289998999 4.5154305994510677 11.596075311303144 9.398555248975752 4.7124802470207205 7.498773172497752 5.378622934222224 4.8165188953280431 5.8736626207828513 5.2352063953876495 32.760694950819016 3.9105011001229277
leaf_count=36 21 27 20 23 23 105 18 20 20 57 43 23 43 31 22 33 24 190 21
internal_value=-0.000107215 -0.00192404 0.0120974 0.00301909 -0.0104377 -0.000532321 0.000521138 0.00151877 -0.000389555 0.00995453 0.00418125 0.0166775 -0.00460499 0.00496678 -0.00463837 0.00960967 0.0237936 -0.010683 -0.00620695
internal_weight=139.754 121.646 18.1086 13.7743 9.30984 115.952 112.411 108.591 104.384 30.2225 25.7071 16.3086 74.1618 28.8028 21.304 15.9254 10.0517 45.359 36.6712
internal_count=800 713 87 66 46 686 650 632 612 143 123 80 469 153 110 79 46 316 211
is_linear=0
shrinkage=0.05


Tree=55
num_leaves=20
num_cat=0
split_feature=1 2 1 0 3 3 1 2 2 2 3 1 1 2 3 1 1 0 0
split_gain=1.18297 1.21775 1.66328 1.96104 1.54275 1.44048 1.41278 1.13747 2.6378 1.07945 0.980006 1.03838 2.16057 2.09151 1.98893 1.88461 3.72523 1.4696 1.38152
threshold=-0.041351794653448591 748.09185257738056 -0.031930001087650046 8.255585671372474 107.49598928624657 123.17745213843723 -0.023897244550225617 52.603667137054266 120.98421575805784 88.717279298020102 12.623470516502302 -0.006033843443171814 0.0056502445540414685 637.96972449668101 32.94573280122561 0.0091272471132715933 0.012855491313789534 11.059701530528175 12.518313135016864
decision_type=2 2 2 2 2 2 2 2 2 2 2 2 2 2 2 2 2 2 2
left_child=-1 2 -2 4 -4 -3 -5 -8 9 -9 -10 14 13 17 -12 -14 -17 -13 -16
right_child=1 5 3 6 -6 -7 7 8 10 -11 11 12 15 -15 18 16 -18 -19 -20
leaf_value=0.025415254402357243 -0.028966001348115746 -0.00069959373570327584 -0.0054810595718422662 0.018891107871481364 -0.06297782998679384 0.037641033772398094 0.027608599706664551 -0.060580997824794383 -0.021028632594193301 -0.016773261779683364 -0.049395242248716359 -0.027359123086033763 -0.026851318886195703 0.047322086713917945 0.031146145080254279 0.036669321885079972 -0.0061739312042759656 0.01395505264327373 -0.0073821016008113445
leaf_weight=4.3977126255631438 5.5784085355699053 5.6697317361831647 2.4589480571448794 9.3481997773051244 2.2199403345584869 4.3136389702558517 3.2759644761681548 2.4218109287321559 5.4086849056184283 3.3530699163675308 2.5667857490479973 2.4366889968514505 6.8611203469336024 4.3289441913366309 2.6254120692610767 6.2604421824216834 26.766633316874504 18.454937193542719 20.449424508959055
leaf_count=24 33 25 31 50 17 23 27 22 35 28 17 18 35 21 18 33 144 93 106
internal_value=-0.000104275 -0.000936831 -0.00228086 -0.00103242 -0.0327609 0.0158667 0.000263463 -0.00139166 -0.00232367 -0.0351449 -0.000352574 0.00087971 0.00423613 0.0156907 -0.00764286 -0.00300639 0.00194722 0.00913639 -0.00299843
internal_weight=139.196 134.799 124.815 119.237 4.67889 9.98337 114.558 105.21 101.934 5.77488 96.1591 90.7504 65.1088 25.2206 25.6416 39.8882 33.0271 20.8916 23.0748
internal_count=800 776 728 695 48 48 647 597 570 50 520 485 344 132 141 212 177 111 124
is_linear=0
shrinkage=0.05


Tree=56
num_leaves=20
num_cat=0
split_feature=3 2 3 0 1 1 3 3 3 0 3 1 1 1 2 2 1 3 0
split_gain=1.14353 1.14108 1.74206 1.05603 0.93988 4.89232 3.11179 2.65135 3.36923 3.01232 2.25685 4.14357 6.59592 3.1539 2.61755 3.9331 4.51561 3.33544 1.57499
threshold=191.8175176149521 746.16225877719273 123.17745213843723 7.0296035789378246 0.012855491313789534 0.010017681094465885 181.73966953398806 162.40607050387777 152.5677198658762 42.428498792309163 122.6829596294442 0.0056502445540414685 -0.0010449370375450043 -0.0081798209119467082 659.20170369730215 460.43804470154515 -0.019487671734677938 36.229667691123574 16.174495860102876
decision_type=2 2 2 2 2 2 2 2 2 2 2 2 2 2 2 2 2 2 2
left_child=1 3 -3 -1 5 6 7 8 9 10 11 12 13 14 15 16 17 -5 -14
right_child=-2 2 -4 4 -6 -7 -8 -9 -10 -11 -12 -13 18 -15 -16 -17 -18 -19 -20
leaf_value=-0.030069201980017404 0.020311255450726831 -0.0032034434791087339 0.038014093712466598 0.051766110380978253 -0.0091519188317639583 0.048278890605885201 -0.039575369840870928 0.025360991257041166 -0.045103652607908828 0.0363065649889645 0.01708772620324701 -0.049962339535383836 0.0010203829885983683 -0.041886118523050103 -0.040079869559109887 0.035345239296121593 -0.052107481062629926 -0.012604396668069826 0.046404140832122548
leaf_weight=3.3702819049358359 6.5369409173727027 5.8807301521301252 4.5446497872471809 2.9676393829285974 31.085774775594473 5.1433247886598101 5.160751335322856 9.433571092784403 4.4267716631293288 5.244404971599578 11.027050137519835 5.2386124879121772 2.6486505344510203 7.5454740412533274 4.3587769567966452 6.3203574120998374 4.6992309689521816 6.2521175779402256 6.8705889880657196
leaf_count=38 30 26 25 20 177 30 25 45 21 26 59 35 20 53 21 33 41 41 34
internal_value=-0.000102762 -0.00111204 0.0147642 -0.00247102 -0.00168559 0.000971884 -0.00198837 0.000529724 -0.00293549 1.93948e-05 -0.00326577 -0.0080511 -0.00278126 -0.0136077 -0.00493333 0.00263588 -0.0122168 0.00811507 0.0337765
internal_weight=138.756 132.219 10.4254 121.793 118.423 87.3373 82.194 77.0332 67.5997 63.1729 57.9285 46.9014 41.6628 32.1436 24.5981 20.2393 13.919 9.21976 9.51924
internal_count=800 770 51 719 681 504 474 449 404 383 357 298 263 209 156 135 102 61 54
is_linear=0
shrinkage=0.05


Tree=57
num_leaves=20
num_cat=0
split_feature=1 2 2 2 1 1 0 3 1 0 0 3 3 2 3 3 3 3 2
split_gain=1.05509 1.0505 2.14637 1.8113 1.27722 1.86268 1.25618 2.20776 1.50421 1.29186 3.09469 1.02626 3.09519 2.28648 2.24201 1.94548 2.89689 3.67564 1.85988
threshold=-0.041351794653448591 711.46234900372963 679.39313615066169 734.92059386068775 -0.007639324380231312 0.0075579038915376678 8.255585671372474 102.28370900503427 -0.031930001087650046 44.175906285877453 42.720869287312205 162.40607050387777 152.5677198658762 637.96972449668101 170.63817017024431 141.16934429178249 131.52948665396084 119.84772696132218 192.98890302659296
decision_type=2 2 2 2 2 2 2 2 2 2 2 2 2 2 2 2 2 2 2
left_child=-1 2 6 -3 -5 -6 7 -2 -8 10 11 12 13 15 -13 16 17 18 -10
right_child=1 3 -4 4 5 -7 8 -9 9 -11 -12 14 -14 -15 -16 -17 -18 -19 -20
leaf_value=0.02403211423652523 0.0090729598673905329 0.03886201949790246 -0.033457012946608362 0.023168129164154949 -0.032570430123085789 0.013053318416441027 -0.028388200395011654 -0.061588130544433031 -0.028053462045092004 -0.027361628032621522 0.045364684240053882 0.047803958530021284 -0.038948443558830537 0.027358765178299271 0.0028550608493946583 0.025261380035115289 -0.04503715884111565 0.042592393923822629 -0.0015809825813212731
leaf_weight=4.3844520337879649 2.1517628356814376 4.2596609145402935 5.3831155300140372 4.5035665780305871 4.4199606180191005 4.5300176739692688 4.4815731011331073 2.2732843160629272 7.9389421641826621 3.8080842196941367 4.0050818026065818 3.3805473670363453 5.3055706173181525 7.1957258582115164 15.467355936765669 5.7693733274936667 4.2265302948653689 4.2459109202027312 40.394336558878422
leaf_count=24 30 21 26 20 22 23 26 19 79 18 19 16 27 35 76 30 26 24 239
internal_value=-0.000103212 -0.000894447 -0.00262588 0.010447 0.00145025 -0.00947804 -0.00112587 -0.0272278 -3.84704e-05 0.00121035 0.0023214 0.000485962 -0.00213276 0.000666805 0.0109171 -0.0024026 -0.00521224 -0.00201095 -0.0059292
internal_weight=138.125 133.74 116.027 17.7132 13.4535 8.94998 110.644 4.42505 106.219 101.737 97.9294 93.9243 75.0764 69.7708 18.8479 62.5751 56.8057 52.5792 48.3333
internal_count=800 776 690 86 65 45 664 49 615 589 571 552 460 433 92 398 368 342 318
is_linear=0
shrinkage=0.05


Tree=58
num_leaves=20
num_cat=0
split_feature=3 2 3 0 1 1 3 3 3 0 3 1 1 1 2 2 1 3 2
split_gain=1.0365 1.01411 1.63045 0.905727 0.845537 4.36646 2.81294 2.21325 2.83045 2.71264 1.95432 3.85024 5.87247 2.92318 2.40003 3.5005 4.27045 2.95985 1.73607
threshold=191.8175176149521 746.16225877719273 123.17745213843723 7.0296035789378246 0.012855491313789534 0.010017681094465885 181.73966953398806 162.40607050387777 152.5677198658762 42.428498792309163 122.6829596294442 0.0056502445540414685 -0.0010449370375450043 -0.0081798209119467082 659.20170369730215 460.43804470154515 -0.019487671734677938 36.229667691123574 184.51300837386682
decision_type=2 2 2 2 2 2 2 2 2 2 2 2 2 2 2 2 2 2 2
left_child=1 3 -3 -1 5 6 7 8 9 10 11 12 13 14 15 16 17 -5 -19
right_child=-2 2 -4 4 -6 -7 -8 -9 -10 -11 -12 -13 -14 -15 -16 -17 -18 18 -20
leaf_value=-0.028399305981892442 0.01939066632080803 -0.0033326843691034607 0.036732254540580579 0.048809184725151944 -0.0087364441006379748 0.045571165237672476 -0.03782193745219356 0.023116408616279532 -0.041713807176110507 0.034513579649908609 0.015731482669603634 -0.04851302367238073 0.031911060000037128 -0.04045995921131678 -0.038381089444533056 0.033556199902655716 -0.051159841908381534 0.016315705426848539 -0.036749733257047078
leaf_weight=3.2480119690299025 6.4983553737401953 5.8857090622186643 4.4662152081727982 3.0102000758051783 30.894950326532125 5.1450130753219119 5.1141327992081633 9.4621610864996892 4.3508230969309798 5.2165493071079245 11.069771636277435 5.1273382045328608 9.5023445896804457 7.3812192380428305 4.3116029053926459 6.3126615062355986 4.5310989730060127 2.9249627962708473 3.2581544443964958
leaf_count=38 30 26 25 20 177 30 25 45 21 26 59 35 54 53 21 33 41 20 21
internal_value=-0.000101311 -0.00106666 0.0139529 -0.0023531 -0.00163381 0.000896645 -0.00192109 0.000480224 -0.00271676 -8.37032e-06 -0.00314414 -0.00765128 -0.00257001 -0.0128963 -0.00454043 0.00274145 -0.0114321 0.00814852 -0.0116468
internal_weight=137.711 131.213 10.3519 120.861 117.613 86.718 81.573 76.4589 66.9967 62.6459 57.4294 46.3596 41.2322 31.7299 24.3487 20.0371 13.7244 9.19332 6.18312
internal_count=800 770 51 719 681 504 474 449 404 383 357 298 263 209 156 135 102 61 41
is_linear=0
shrinkage=0.05


Tree=59
num_leaves=20
num_cat=0
split_feature=0 3 3 2 1 3 2 0 2 3 2 1 2 0 2 0 1 1 3
split_gain=0.969034 1.34429 2.42707 1.16305 1.51373 1.7904 1.36874 1.60643 3.61755 1.81871 1.14386 1.13821 1.72601 1.67917 2.50883 1.08626 1.78392 2.59773 2.30999
threshold=27.654193915026159 17.856221190698864 10.771661587424532 405.65540030666313 -0.013100180702778892 81.920341341338357 547.92548084037969 12.851669675367893 634.05372106338291 78.24889722588162 474.22582028999744 -0.0072684393787560446 343.15586915331647 13.276681380776877 184.51300837386682 30.249932789736146 0.01590770908135402 -0.0005406622493455052 77.95926345388456
decision_type=2 2 2 2 2 2 2 2 2 2 2 2 2 2 2 2 2 2 2
left_child=1 2 -1 4 5 -3 10 -8 -9 -10 -5 -6 13 -13 -15 -2 17 -17 -18
right_child=15 3 -4 6 11 -7 7 8 9 -11 -12 12 -14 14 -16 16 18 -19 -20
leaf_value=0.010196259182853974 0.01969381410665963 0.0062969753272386162 -0.060258043062141234 -0.0015032983251746972 0.027740121271539388 -0.047627271285338717 0.013860324971372346 -0.04645585112718683 0.024897640294140547 -0.014106203999352912 0.029473608480013836 -0.030064887248848315 -0.04711969456813403 -0.019545443553123636 0.032461291036971783 -0.0039865796692764542 -0.046703418683501328 0.019550012471596871 0.0023660864190438169
leaf_weight=2.1777589954435816 9.6191385686397535 2.2655877135694054 2.7863879278302193 5.0331170149147493 2.5746887885034129 4.8016215115785599 8.9835276454687136 5.3393894433975246 5.3044996261596662 6.8460579663515091 7.3061145693063736 3.5994943380355791 2.4018878042697915 4.0734123103320581 5.3840283676981926 29.088525004684922 4.0676086097955686 19.637532390654091 5.8447014987468719
leaf_count=22 48 23 29 32 22 38 43 25 24 32 36 43 19 35 29 144 25 97 34
internal_value=-0.000101742 -0.00428584 -0.0293499 -0.00233911 -0.0107263 -0.0303404 0.00308501 -0.00332535 -0.0121526 0.00292148 0.0168383 -0.00303971 -0.00816613 -0.00100043 0.0100615 0.00412036 0.00156567 0.00549912 -0.01777
internal_weight=137.135 68.8776 4.96415 63.9134 25.1007 7.06721 38.8127 26.4735 17.4899 12.1506 12.3392 18.0335 15.4588 13.0569 9.45744 68.2575 58.6384 48.7261 9.91231
internal_count=800 452 51 401 209 61 192 124 81 56 68 148 126 107 64 348 300 241 59
is_linear=0
shrinkage=0.05


Tree=60
num_leaves=20
num_cat=0
split_feature=1 0 2 3 1 2 2 3 3 0 1 2 0 3 3 2 2 3 0
split_gain=0.992536 0.91947 1.46045 1.06471 1.05353 0.898784 2.62094 1.4481 3.6198 0.968032 2.27244 1.94251 1.30797 1.69952 3.24365 2.12224 4.31679 2.0207 1.86047
threshold=-0.041351794653448591 8.255585671372474 587.98147597117691 191.8175176149521 -0.031930001087650046 192.98890302659296 150.23304791349753 123.75005376031784 41.188967651758922 17.068789611807365 0.0049331856984720706 201.46121313314669 23.004904756793874 176.07000712615857 162.40607050387777 271.83438914928416 326.83599349817558 152.5677198658762 38.845509877402002
decision_type=2 2 2 2 2 2 2 2 2 2 2 2 2 2 2 2 2 2 2
left_child=-1 2 -2 4 -3 6 7 8 -6 10 -7 -11 -13 14 15 -14 -17 18 -18
right_child=1 3 -4 -5 5 9 -8 -9 -10 11 -12 12 13 -15 -16 16 17 -19 -20
leaf_value=0.023405579385898278 -0.042099401944380173 -0.023038183558791878 0.008037080061089559 0.021885793957436232 0.028762527395459793 0.0033636660651048741 -0.049588176443126512 0.019632616654682744 -0.045650844921680235 0.06242785012365052 -0.033561287257226333 0.017727593459763945 -0.031248353773682722 -0.028211895229605689 0.043391696701211638 0.046938985951314266 -0.0052070013152858956 -0.03531564828600086 0.018346576857203208
leaf_weight=4.3473965898156157 3.3199166208505622 5.1621898487210265 2.5823026821017265 5.3352854102849951 2.7539217174053174 13.190307702869179 3.450053345412015 5.2270573154091835 4.0196700505912304 1.4056682884693135 6.0906974002718917 12.880667977035044 5.1572676450014105 4.8387931808829299 4.5092530474066725 4.9223214089870444 32.001037158071995 4.210872918367385 11.360178239643572
leaf_count=24 44 29 13 24 24 91 27 36 45 8 39 68 27 24 21 22 156 20 58
internal_value=-0.000102317 -0.000874105 -0.020164 2.58119e-05 -0.000936635 4.67697e-05 -0.0111809 -0.000139224 -0.0153968 0.00177174 -0.0083006 0.00416089 0.00313556 0.000330248 0.00255205 -0.000642238 0.00236463 -0.00224751 0.000963786
internal_weight=136.765 132.417 5.90222 126.515 121.18 116.018 15.4507 12.0006 6.77359 100.567 19.281 81.2861 79.8804 66.9997 62.1609 57.6517 52.4944 47.5721 43.3612
internal_count=800 776 57 719 695 666 132 105 69 534 130 404 396 328 304 283 256 234 214
is_linear=0
shrinkage=0.05


Tree=61
num_leaves=20
num_cat=0
split_feature=1 2 0 2 2 2 3 0 0 2 2 3 3 3 3 3 1 3 2
split_gain=0.895875 0.876038 1.7973 1.55072 2.36002 1.79032 1.19989 1.16274 2.6971 1.48401 1.82162 2.78952 2.81007 1.58106 2.87111 4.01973 1.98494 2.37872 1.41573
threshold=-0.041351794653448591 748.09185257738056 6.9453552432161878 734.92059386068775 711.46234900372963 679.39313615066169 123.17745213843723 44.175906285877453 42.720869287312205 530.4715283807858 549.86592881182912 135.30859534788888 94.44275404511437 129.60573061773053 147.2540889453683 162.40607050387777 0.0012961780321970354 181.73966953398806 637.96972449668101
decision_type=2 2 2 2 2 2 2 2 2 2 2 2 2 2 2 2 2 2 2
left_child=-1 2 -2 4 5 7 -3 8 9 13 -11 12 18 -4 -15 -16 17 -17 -12
right_child=1 6 3 -5 -6 -7 -8 -9 -10 10 11 -13 -14 14 15 16 -18 -19 -20
leaf_value=0.022226579687466042 -0.041072564926667665 -0.0013437813939066719 -0.010728868569182879 -0.033476707620927491 0.036828333182757085 -0.030245088998864286 0.034132463752268319 -0.027351796963251507 0.041571372991047163 0.039011082279215278 -0.013421270117043436 -0.019652765070507203 0.045953185309048655 0.031421038980297106 -0.043395542659865734 0.047600941927489218 -0.015328508880044786 -0.0023516375057501 0.023012698122944278
leaf_weight=4.3490564189851275 2.8725106194615355 5.6738342940807325 41.983460649847984 3.576306849718093 4.1820876002311698 5.141951546072959 4.1099666059017181 3.7586667388677588 3.932162180542945 4.2698980122804668 6.5316343903541618 8.4541438817977888 5.2274643480777732 7.3603014610707787 5.1113711968064335 4.6163206323981267 5.7739539518952361 4.9267238229513168 4.5054875761270523
leaf_count=24 34 25 306 17 21 25 23 18 19 19 33 39 26 41 31 21 33 23 22
internal_value=-0.000101822 -0.000837438 -0.00198984 -0.00104922 -4.75342e-05 -0.0014295 0.013559 -3.76118e-05 0.000962115 -0.000654743 0.008854 0.00364468 0.0157544 -0.00460539 0.00464602 -0.00500096 0.00781153 0.0218123 0.00145152
internal_weight=136.357 132.008 122.224 119.352 115.776 111.594 9.7838 106.452 102.693 98.7608 28.9886 24.7187 16.2646 69.7721 27.7887 20.4284 15.317 9.54304 11.0371
internal_count=800 776 728 694 677 656 48 631 613 594 139 120 81 455 149 108 77 44 55
is_linear=0
shrinkage=0.05


Tree=62
num_leaves=20
num_cat=0
split_feature=3 1 1 1 3 2 3 3 1 3 0 2 2 3 0 2 3 3 3
split_gain=0.90519 0.863124 2.31921 3.17953 2.27887 2.00232 1.68911 3.34994 2.11365 2.26484 1.94872 1.47677 2.63403 2.40703 2.23346 2.02415 1.5443 1.65238 1.38787
threshold=191.8175176149521 -0.0026479719177407816 0.0056502445540414685 0.0074944860359860326 144.54118218593919 750.90452066458136 181.73966953398806 162.40607050387777 -0.0078981699687286546 123.75005376031784 31.239313890457698 460.43804470154515 659.20170369730215 36.229667691123574 41.372341165885977 711.46234900372963 78.24889722588162 114.75813674902697 0.44076387303625403
decision_type=2 2 2 2 2 2 2 2 2 2 2 2 2 2 2 2 2 2 2
left_child=1 6 4 -4 -3 18 7 8 11 10 -10 13 -13 -1 16 -14 -15 -18 -5
right_child=-2 2 3 5 -6 -7 -8 -9 9 -11 -12 12 15 14 -16 -17 17 -19 -20
leaf_value=0.018631713881241078 0.018204962766141287 0.027446116570502471 -0.041902966851809068 0.082841161199668653 -0.0086738873470577817 0.039898765055893778 -0.036572065072708299 0.027255615241016485 -0.066750003892840346 0.0049671805087777169 -0.013040140074286341 0.024834412059069153 -0.039868744120609069 -0.062339275800796928 0.018097077869580376 0.0087600880535054632 -0.0015265963829851905 -0.04750572493591481 -0.0029029422000247823
leaf_weight=4.6291158013045814 6.4348395913839331 14.682594113051893 4.7857287414371958 0.47746968269348045 6.2153349556028834 3.0779735445976248 4.0593484118580809 7.7815658748149863 4.072819381952284 3.4711952023208141 2.8851603493094444 10.01193553581834 3.8460399433970434 3.1749177984893304 2.6659302711486808 4.8238782286643982 4.585847981274128 3.4047842621803284 40.706920724362135
leaf_count=35 30 89 30 2 33 17 20 38 33 19 15 54 20 29 12 22 33 27 242
internal_value=-9.83313e-05 -0.00100881 0.00275533 -0.00318758 0.0167035 0.000998402 -0.00544032 -0.00315726 -0.00813207 -0.0280215 -0.0444789 -0.00254734 0.00736337 -0.0125768 -0.0230217 -0.012812 -0.0328394 -0.0211182 -0.00190887
internal_weight=135.793 129.359 69.946 49.0481 20.8979 44.2624 59.4125 55.3532 47.5716 10.4292 6.95798 37.1424 18.6819 18.4606 13.8315 8.66992 11.1656 7.99063 41.1844
internal_count=800 770 413 291 122 261 357 337 299 67 48 232 96 136 101 42 89 60 244
is_linear=0
shrinkage=0.05


Tree=63
num_leaves=20
num_cat=0
split_feature=3 3 2 0 3 1 1 1 1 1 3 1 3 0 3 2 2 1 0
split_gain=0.839408 0.862544 1.36031 1.20718 2.6855 1.55713 2.73617 3.15736 3.14322 2.98729 2.63821 2.05122 2.05536 1.67697 1.37121 2.14644 1.23949 1.44454 1.16665
threshold=190.35658551569364 176.07000712615857 779.19763024897679 27.654193915026159 161.77703834179906 0.022610433893761956 0.013847750363924211 0.011691012049054617 0.0054389927952080619 -0.0026479719177407816 158.38705326208472 -0.012461408419237657 81.920341341338357 18.355355976595682 25.746591379567842 192.98890302659296 498.41879307601488 0.00077484338422039508 30.354897695006965
decision_type=2 2 2 2 2 2 2 2 2 2 2 2 2 2 2 2 2 2 2
left_child=1 2 3 5 14 6 7 8 9 10 11 12 13 -1 -5 -16 17 -11 -3
right_child=-2 18 -4 4 -6 -7 -8 -9 -10 16 -12 -13 -14 -15 15 -17 -18 -19 -20
leaf_value=-0.014991601963943245 0.015790240397536678 0.00043470607383529273 0.029472895200206128 0.021127813005770824 0.040183532526041996 0.016511992938578343 -0.039960633509732599 0.047254031703139354 -0.04767092791291061 0.063873776148835534 0.028745532439673888 -0.04055606216050292 -0.026109579638453003 0.035101461751796473 -0.031123076061169791 0.0017704313860423496 0.0009445691739588904 0.011086585511592036 -0.03338192199681795
leaf_weight=3.0811939835548348 7.8311747610568991 5.6030188426375371 3.8244123682379714 7.2899437844753256 4.7441581711173049 6.6177547574043265 6.3387051075696936 2.732843466103076 4.4933170378208152 2.55203221738339 3.3643419966101638 7.2239441908895996 7.3197389505803585 3.64981310069561 5.6366131305694571 41.285425290465355 4.3817339241504669 2.6333323270082474 4.6814567968249321
leaf_count=34 36 29 20 37 24 39 43 15 42 20 16 61 52 21 41 201 21 23 25
internal_value=-9.86951e-05 -0.00107496 0.000143658 -0.000845951 0.00411021 -0.00621831 -0.00936716 -0.00468668 -0.00835458 -0.00318999 -0.0123973 -0.0189036 -0.00777137 0.0121708 0.000953384 -0.00218097 0.0205226 0.0370664 -0.0149585
internal_weight=135.285 127.454 117.169 113.345 58.9561 54.3888 47.771 41.4323 38.6994 34.2061 24.639 21.2747 14.0507 6.73101 54.212 46.922 9.5671 5.18536 10.2845
internal_count=800 764 710 690 303 387 348 305 290 248 184 168 107 55 279 242 64 43 54
is_linear=0
shrinkage=0.05


Tree=64
num_leaves=20
num_cat=0
split_feature=3 3 2 0 0 1 0 0 3 3 3 0 0 3 3 0 0 3 2
split_gain=0.859733 0.788217 1.23604 2.25156 1.92542 3.60459 1.39642 1.44931 0.96697 1.83348 2.25621 1.33887 2.43447 1.16831 1.82222 1.09103 2.44406 1.54726 1.25531
threshold=5.2680585492756569 11.420394885073671 706.80129234491403 6.9453552432161878 15.036477327635984 -0.0023466771662685516 44.175906285877453 42.720869287312205 55.426994412011204 27.713838824493688 17.856221190698864 33.163976886504564 21.107798965883081 66.091843991640317 77.339105188884773 19.660016695177202 27.654193915026159 112.59481534012657 184.51300837386682
decision_type=2 2 2 2 2 2 2 2 2 2 2 2 2 2 2 2 2 2 2
left_child=-1 -2 3 -3 -4 -6 7 8 9 10 -5 12 -11 -10 -15 18 17 -17 -16
right_child=1 2 4 6 5 -7 -8 -9 13 11 -12 -13 -14 14 15 16 -18 -19 -20
leaf_value=-0.026167607877999727 0.025155537173099193 -0.045357039133937987 -0.017782649690819913 -0.023144454604090189 -0.0046723543986185584 0.048054939946024805 -0.032517273498069189 0.029417026050699513 0.020605773030596863 -0.04587581971606787 0.03145448297146939 -0.045990821285646188 0.0062002605404866493 -0.029814972416838521 0.035566486248376106 -0.050649278533904087 0.0052678326759093572 -0.010904947191153739 0.0050196874493665762
leaf_weight=3.0903725065290919 3.1667716614902011 2.9170850329101077 4.0151747316122082 3.2112844958901432 6.4459021613001832 6.5198866203427288 3.3718803524970999 4.0721526294946662 7.3040495067834845 3.4018267653882486 4.6061070412397385 3.922254115343093 6.5950984135270119 4.9005121625959864 4.2789947651326683 3.1028603240847579 32.563270732760429 11.616921551525591 15.715235490351914
leaf_count=20 24 31 18 28 31 36 16 20 42 37 25 22 40 31 37 21 164 59 98
internal_value=-9.94242e-05 0.000512145 -9.48839e-05 -0.00200747 0.0124725 0.0218417 -0.000843739 0.000170591 -0.00100603 -0.0103512 0.00902594 -0.0212339 -0.0115206 0.00154966 -0.000378731 0.00176542 -0.00237509 -0.0192829 0.0115571
internal_weight=134.818 131.727 128.56 111.58 16.981 12.9658 108.662 105.291 101.218 21.7366 7.81739 13.9192 9.99693 79.4818 72.1778 67.2773 47.2831 14.7198 19.9942
internal_count=800 780 756 671 85 67 640 624 604 152 53 99 77 452 410 379 244 80 135
is_linear=0
shrinkage=0.05


Tree=65
num_leaves=20
num_cat=0
split_feature=1 2 2 0 2 0 0 1 3 1 1 3 1 2 3 2 1 3 2
split_gain=0.800716 0.711913 1.2198 0.867559 1.79737 1.47333 2.39692 2.33676 1.50776 1.58045 2.75322 2.67601 2.61431 1.98145 1.59375 1.40519 1.44873 1.32576 1.23766
threshold=-0.041351794653448591 52.603667137054266 90.63283937912783 27.654193915026159 145.08370511413565 22.510763549130477 21.657441175446809 0.011691012049054617 185.47782643874808 0.0054389927952080619 0.011156156444393174 37.872852143045499 0.0002551339546509451 642.28907196251464 148.27780096320734 194.63404045531863 -0.028197891320316856 53.791036400579088 623.85933650371146
decision_type=2 2 2 2 2 2 2 2 2 2 2 2 2 2 2 2 2 2 2
left_child=-1 -2 -3 5 -5 6 8 17 9 12 -11 -12 14 -13 18 -6 -17 -7 -4
right_child=1 2 3 4 15 7 -8 -9 -10 10 11 13 -14 -15 -16 16 -18 -19 -20
leaf_value=0.021079767254161053 0.021594104313628164 -0.030942447861703776 -0.0043447184601112477 0.038824785682709292 -0.032390242953917368 -0.0034203669909220191 0.042502565862888135 0.0054714737335729152 0.021007979968289545 -0.068447596304309383 0.032536730576242207 -0.051308917182026431 0.037035265388507994 0.0047261155599360666 0.019144473546862838 -0.030180399508175276 0.0051884868707777173 -0.043252704626336708 -0.034542548562493849
leaf_weight=4.3199120163917533 3.4543312937021247 3.4029991999268523 9.5572735164314562 3.4123569913208476 2.9074772596359244 2.8955162540078181 3.0889039933681479 6.841088540852069 5.552381455898284 2.5120491404086343 2.6902152821421605 3.617847204208374 4.0405931659042826 2.7975527197122574 4.4200103618204585 3.0623225271701804 53.062534436583519 7.4994917064905167 5.2607150524854651
leaf_count=24 31 35 89 19 20 20 17 36 27 25 16 32 28 13 25 14 261 41 27
internal_value=-9.78647e-05 -0.00080119 -0.00141215 -0.000596595 0.00354237 -0.00484937 4.89813e-05 -0.0172224 -0.00319303 -0.00704368 -0.0221059 -0.00932122 0.000473441 -0.0268738 -0.00720571 0.00150288 0.00325867 -0.0321575 -0.0150656
internal_weight=134.396 130.076 126.621 123.218 62.4447 60.7736 43.5375 17.2361 40.4486 34.8963 11.6177 9.10562 23.2786 6.4154 19.238 59.0323 56.1249 10.395 14.818
internal_count=800 776 745 710 314 396 299 97 282 255 86 61 169 45 141 295 275 61 116
is_linear=0
shrinkage=0.05


Tree=66
num_leaves=20
num_cat=0
split_feature=3 1 1 2 1 2 3 0 3 1 1 2 0 3 3 1 3 1 3
split_gain=0.733747 0.692775 2.09815 1.54065 2.55551 2.27915 1.53824 3.48371 2.22221 1.95955 1.75798 1.52381 1.27092 1.26968 2.87023 1.24377 3.72824 1.54853 1.97298
threshold=191.8175176149521 -0.0021140606487344738 0.00054607528351975339 286.33753498929815 -0.010857286511679387 184.51300837386682 152.5677198658762 19.051147830787659 141.16934429178249 0.0057992587240193608 0.0075579038915376678 449.75134264663387 32.312611029033512 17.856221190698864 25.746591379567842 -0.022441994782882498 61.799821483916112 -0.015580393823927183 46.88979416726557
decision_type=2 2 2 2 2 2 2 2 2 2 2 2 2 2 2 2 2 2 2
left_child=1 3 -3 4 5 -1 8 -8 9 11 -11 -4 -9 -12 -15 16 -5 -17 -19
right_child=-2 2 6 15 -6 -7 7 12 -10 10 13 -13 -14 14 -16 17 -18 18 -20
leaf_value=0.010797607346268308 0.016415889783714947 0.029046736608007048 0.00030178487877902989 0.049636458945684442 -0.052249742209679095 -0.03327406502306942 -0.054989814511826766 0.02384348756523649 0.037232921822718597 -0.040496256728151464 -0.026666040917653677 0.04238501305534427 -0.017881463456350853 0.065758369458776431 -0.0016737967018430684 -0.030613285087536742 -0.0062209266242620612 -0.036105579388298344 0.0050515561532123703
leaf_weight=7.4531429596245307 6.4049258530139914 6.7238688580691806 4.256556782871483 4.5321508087217799 4.0725071690976611 4.8376324791461229 3.9384964667260629 3.7164394557476044 4.4199122972786418 3.1755882985889903 4.3831986598670474 4.3486873432993889 3.5859280824661255 1.6741017177701021 27.505214314907789 5.1126503385603419 8.7641365341842157 3.3596590068191352 21.847240939736366
leaf_count=53 30 39 29 22 42 37 24 19 24 22 31 23 21 9 163 32 48 23 109
internal_value=-9.8395e-05 -0.00092664 0.00253893 -0.00483994 -0.017923 -0.00654894 -0.000382759 -0.0170882 0.00339078 9.19606e-05 -0.00493858 0.0215687 0.00335388 -0.00157421 0.00219498 6.84149e-05 0.0128185 -0.005523 -0.000434003
internal_weight=134.112 127.707 67.728 59.9791 16.3633 12.2908 61.0041 11.2409 49.7633 45.3433 36.7381 8.60524 7.30237 33.5625 29.1793 43.6158 13.2963 30.3196 25.2069
internal_count=800 770 404 366 132 90 365 64 301 277 225 52 40 203 172 234 70 164 132
is_linear=0
shrinkage=0.05


Tree=67
num_leaves=20
num_cat=0
split_feature=3 3 2 0 1 0 0 0 0 2 2 3 3 3 3 3 2 2 1
split_gain=0.760248 0.764626 1.12303 1.69821 3.17807 1.32549 1.24897 1.32367 0.976597 0.849728 2.71874 1.90256 1.31126 1.35379 2.30165 1.29474 1.28461 2.32246 1.13912
threshold=5.2680585492756569 11.420394885073671 706.80129234491403 15.036477327635984 -0.0023466771662685516 8.255585671372474 44.175906285877453 42.720869287312205 6.6219651966557249 659.20170369730215 634.05372106338291 98.281670575273992 55.426994412011204 66.091843991640317 77.339105188884773 41.840599316941159 489.36194031146238 377.09669699657053 0.0044708944677961391
decision_type=2 2 2 2 2 2 2 2 2 2 2 2 2 2 2 2 2 2 2
left_child=-1 -2 5 -4 -5 8 7 9 -3 10 12 -11 15 -14 -15 16 17 18 -7
right_child=1 2 3 4 -6 6 -8 -9 -10 11 -12 -13 13 14 -16 -17 -18 -19 -20
leaf_value=-0.024783335981942951 0.024730486673849469 -0.057327919306958852 -0.016480218462328628 -0.0039138085661078546 0.046048545422796267 0.0022172034280701241 -0.030882877178932538 0.0281777808727889 -0.0091869473455467657 -0.039801899732696086 0.036139688951709922 0.0076731337005642719 0.024464824822631778 -0.03738765763839811 0.0018600686554654839 -0.037361512277652047 -0.030462006878482734 0.039347894611340542 -0.041026165425233324
leaf_weight=3.0477853678166857 3.1711645089089862 1.7904496956616629 3.9975830167531994 6.4149225279688844 6.3172696307301495 4.3138579055666941 3.3511570990085593 4.0426376089453688 2.5593941882252693 4.2418907582759839 5.0266729146242133 4.199598491191864 5.8606027588248244 3.9942739121615878 57.661861255764961 4.3721307292580596 3.8725222349166861 3.0972253195941448 2.3538732342422009
leaf_count=20 24 24 18 31 36 35 16 20 24 21 25 20 34 26 331 34 19 20 22
internal_value=-9.75079e-05 0.000478408 -0.000124939 0.0119495 0.0208758 -0.00194909 -0.00084298 0.000134031 -0.0290024 -0.00101119 0.000403177 -0.0161833 -0.00169718 0.00150033 -0.00068252 -0.0136844 -0.00609359 0.00357028 -0.0130488
internal_weight=133.687 130.639 127.468 16.7298 12.7322 110.738 106.388 103.037 4.34984 98.9945 90.553 8.44149 85.5263 67.5167 61.6561 18.0096 13.6375 9.76496 6.66773
internal_count=800 780 756 85 67 671 623 607 48 587 546 41 521 391 357 130 96 77 57
is_linear=0
shrinkage=0.05


Tree=68
num_leaves=20
num_cat=0
split_feature=1 2 2 0 2 0 0 1 3 3 1 2 2 1 1 3 1 0 2
split_gain=0.693156 0.643918 1.11925 0.779041 1.58315 1.43342 2.11907 2.05589 1.4088 1.48888 1.33929 1.28427 1.26132 1.34075 1.20153 1.90834 1.31532 2.31446 1.57049
threshold=-0.041351794653448591 52.603667137054266 90.63283937912783 27.654193915026159 145.08370511413565 22.510763549130477 21.657441175446809 0.011691012049054617 185.47782643874808 170.63817017024431 -0.01973785181745432 345.72404381937343 194.63404045531863 -0.028197891320316856 0.01590770908135402 77.95926345388456 -0.0005406622493455052 31.041120822775426 358.89183532344185
decision_type=2 2 2 2 2 2 2 2 2 2 2 2 2 2 2 2 2 2 2
left_child=-1 -2 -3 5 -5 6 8 10 9 -4 -7 -12 -6 -14 16 -16 17 -15 -19
right_child=1 2 3 4 12 7 -8 -9 -10 -11 11 -13 13 14 15 -17 -18 18 -20
leaf_value=0.019670705831566122 0.020467259299045953 -0.029988735813584536 -0.0033535078659047523 0.036297866731688465 -0.031110554539567417 0.0056056692190365855 0.039988485184480019 0.0043607231753758843 0.020604396076458063 -0.039774762785752933 -0.015405775978232917 -0.055858308342003407 -0.029075068665895216 0.035137702770472817 -0.033776022855617753 0.0083874213610560244 0.01861270381364984 -0.033954452271962775 0.0010182204365027626
leaf_weight=4.2927810885012141 3.4786692764610043 3.3192402385175219 31.328970845788717 3.4467436373233786 2.8340545929968348 2.0026702284812936 3.1109309047460547 6.8292175307869902 5.5153919458389273 3.0820713080465785 3.2288089841604233 5.0009099990129471 3.0634328573942176 4.041284315288066 4.7196735963225347 6.2208268567919731 18.818029277026657 4.0953724682331112 14.849977910518644
leaf_count=24 31 35 234 19 20 11 17 36 27 21 23 27 14 20 26 33 90 20 72
internal_value=-9.47546e-05 -0.000752567 -0.00134071 -0.000562491 0.00336541 -0.00462048 0.000241468 -0.0168846 -0.00285548 -0.00661563 -0.0310639 -0.0399874 0.00142979 0.00308224 0.00494994 -0.00980166 0.00881051 0.000785929 -0.00654174
internal_weight=133.279 128.986 125.508 122.188 62.0894 60.099 43.0374 17.0616 39.9264 34.411 10.2324 8.22972 58.6427 55.8086 52.7452 10.9405 41.8047 22.9866 18.9454
internal_count=800 776 745 710 314 396 299 97 282 255 61 50 295 275 261 59 202 112 92
is_linear=0
shrinkage=0.05


Tree=69
num_leaves=20
num_cat=0
split_feature=3 2 3 0 3 0 3 3 3 1 1 1 1 3 0 1 1 1 3
split_gain=0.701786 0.744081 0.723622 1.15867 0.808097 1.0302 1.11018 1.13302 1.01772 1.04074 1.77164 0.909904 2.93774 2.46363 4.7196 1.4765 1.00698 2.43094 1.89933
threshold=5.2680585492756569 779.19763024897679 11.420394885073671 6.9453552432161878 17.856221190698864 8.7903173125183311 27.713838824493688 35.427460551484955 191.8175176149521 0.029547872991447045 0.025374225780927004 -0.014110175003975383 -0.021467285661079329 84.667173459511403 32.312611029033512 -0.012324858281828022 0.012855491313789534 0.0091272471132715933 110.84416158268891
decision_type=2 2 2 2 2 2 2 2 2 2 2 2 2 2 2 2 2 2 2
left_child=-1 2 -2 -4 -5 -6 -7 -8 9 10 11 12 13 -9 -15 -13 17 -17 -18
right_child=1 -3 3 4 5 6 7 8 -10 -11 -12 15 -14 14 -16 16 18 -19 -20
leaf_value=-0.023943297299144295 0.023263765014719568 0.021163758273316027 -0.031585766243539141 -0.022642801809627626 0.025680750036384356 0.019815153645943426 -0.024853272894185735 0.028366925309627318 0.02066383257756671 0.022053210874018722 -0.037012307780768437 0.036574594498831978 -0.038567350908614843 -0.043109406922809443 0.024646907678132383 -0.00011475100970245489 0.006664982266305167 0.036794421983128836 -0.027066837414139972
leaf_weight=3.0144095458090296 3.1939493231475344 4.1995336413383475 2.9901960641145697 3.8392170071601859 3.977023944258689 6.5138947963714591 4.931681662797927 5.5692092366516617 5.4707204550504676 4.4636848941445342 3.6074092239141455 2.9088262133300224 6.3981754928827277 5.7534613050520402 4.6450031101703644 39.779535051435239 8.2669992074370402 5.0246392600238314 8.4269735254347307
leaf_count=20 24 23 32 32 30 34 32 33 25 27 23 16 42 35 22 226 46 30 48
internal_value=-9.30947e-05 0.000460108 -0.000231251 -0.000843504 -7.47462e-05 0.000673878 -0.000216 -0.00145577 -0.000305495 -0.00151503 -0.00267902 -0.00125168 -0.00994027 0.00153047 -0.0128426 0.00176551 0.000119058 0.00402449 -0.0103625
internal_weight=132.975 129.96 125.761 122.567 119.576 115.737 111.76 105.246 100.315 94.8439 90.3802 86.7728 22.3658 15.9677 10.3985 64.407 61.4981 44.8042 16.694
internal_count=800 780 757 733 701 669 639 605 573 548 521 498 132 90 57 366 350 256 94
is_linear=0
shrinkage=0.05


Tree=70
num_leaves=20
num_cat=0
split_feature=1 0 3 3 3 2 0 0 0 1 1 3 0 3 3 2 2 0 2
split_gain=0.645409 0.597646 1.47795 0.706903 2.92807 2.41455 2.34172 1.47936 2.92822 1.9677 3.25167 1.4775 1.66944 2.57793 4.76475 2.57284 3.16467 3.23978 3.08918
threshold=-0.041351794653448591 8.255585671372474 102.28370900503427 128.03913182606382 134.03818760898426 690.83679536235343 9.4959229042650666 34.678651642989841 27.654193915026159 -0.0011953449242721914 0.0082004047300824421 114.75813674902697 38.845509877402002 25.746591379567842 77.95926345388456 192.98890302659296 315.01884293466361 36.712196180075033 721.40199821239241
decision_type=2 2 2 2 2 2 2 2 2 2 2 2 2 2 2 2 2 2 2
left_child=-1 2 -2 11 -5 6 -6 8 9 -8 -11 12 15 -14 -15 -3 -17 18 -18
right_child=1 3 -4 4 5 -7 7 -9 -10 10 -12 -13 13 14 -16 16 17 -19 -20
leaf_value=0.019012689778814887 0.0054101897589769361 -0.034752000216920251 -0.047284918558262543 0.046339205812146581 0.046496308437499988 0.03396993804327892 0.0088623810085294141 -0.020712280407387845 0.025395080495299805 -0.064451926780463395 -0.0026574130473756008 -0.023615417401083857 0.051742005574891239 -0.031089042753679175 0.037300830473074295 0.028431339183732668 -0.0075576838419928504 -0.045530268993632494 0.032357979033314589
leaf_weight=4.2783277034759513 3.1382232774049035 6.2407299093902102 2.3101657759398222 3.8961851708590975 2.2264204248785964 4.9281921684741965 6.6154431924223855 11.928642585873602 8.0369723066687566 3.5260481536388451 5.3725469447672367 7.7825139649212352 3.5374269373714915 5.2317363508045656 4.9626162871718407 7.8457196801900855 30.387100346386433 4.6495230123400679 5.7672260850667945
leaf_count=24 36 72 21 22 11 28 35 60 39 19 31 45 19 29 27 61 172 23 26
internal_value=-9.16525e-05 -0.000728297 -0.016933 -1.01166e-05 0.00484839 0.0010567 -0.00324506 -0.00636644 0.000899769 -0.0117899 -0.0271433 -0.00296895 -0.000627412 0.0149648 0.00220318 -0.00452808 -0.000650983 -0.0062429 -0.00119046
internal_weight=132.662 128.383 5.44839 122.935 46.5305 42.6343 37.7061 35.4797 23.551 15.514 8.8986 76.4046 68.6221 13.7318 10.1944 54.8903 48.6496 40.8038 36.1543
internal_count=800 776 57 719 245 223 195 184 124 85 50 474 429 75 56 354 282 221 198
is_linear=0
shrinkage=0.05


Tree=71
num_leaves=20
num_cat=0
split_feature=3 3 0 2 3 0 3 1 1 1 2 2 0 1 1 1 1 1 0
split_gain=0.627744 0.788963 1.10272 1.04109 1.01614 1.91347 1.70462 1.85027 3.20893 2.69323 1.5031 3.79185 2.03371 1.71557 1.25904 1.86874 2.4594 1.30933 2.31611
threshold=190.35658551569364 176.07000712615857 30.354897695006965 779.19763024897679 162.40607050387777 27.185380428628342 152.5677198658762 -0.0021140606487344738 0.0057992587240193608 -0.0078981699687286546 659.20170369730215 470.43427205603905 18.355355976595682 -0.018953220326320377 0.0075579038915376678 0.012855491313789534 0.011156156444393174 0.018305543562664454 34.185290785565279
decision_type=2 2 2 2 2 2 2 2 2 2 2 2 2 2 2 2 2 2 2
left_child=1 3 -3 4 6 -6 7 9 -9 10 11 12 -1 -14 -10 16 -16 18 -17
right_child=-2 2 -4 -5 5 -7 -8 8 14 -11 -12 -13 13 -15 15 17 -18 -19 -20
leaf_value=-0.042673083095114174 0.013733603856569798 0.00073537335629695884 -0.032429932078218225 0.026520559278337914 -0.0097015708908252968 0.036492771895780513 -0.027730362447172863 0.024526710031420484 -0.031518652146637537 -0.031829742555828308 -0.023161487476315176 0.030700975295528083 0.012394470593305309 -0.024152644564227083 0.00034307893164672463 -0.048240537130571609 0.056575728787996882 0.0017492011868793511 0.004467183444913419
leaf_weight=3.6728669684380355 7.7318614423274985 5.5144475363194925 4.5945489704608917 3.6466405466198912 4.1194955557584745 4.9179632291197777 6.0797612741589537 15.959556668996816 3.3439871277660123 9.4142062719911248 6.4280567765235892 8.7501905113458616 8.8673686236143094 5.0338434353470793 5.2357951998710615 4.2372145950794238 3.0931369103491306 17.549795441329479 4.1019950434565544
leaf_count=53 36 29 25 20 25 25 32 95 23 66 33 48 46 36 34 28 18 109 19
internal_value=-9.06573e-05 -0.00094877 -0.0143383 0.000233863 -0.000631241 0.0154363 -0.00205811 -0.000426965 0.00574437 -0.00826017 -0.00148542 0.00380761 -0.00958268 -0.000839804 -0.00223599 0.000625688 0.0212263 -0.00600189 -0.022314
internal_weight=132.293 124.561 10.109 114.452 110.805 9.03746 101.768 95.688 53.5215 42.1665 32.7523 26.3243 17.5741 13.9012 37.5619 34.2179 8.32893 25.889 8.33921
internal_count=800 764 54 710 690 50 640 608 326 282 216 183 135 82 231 208 52 156 47
is_linear=0
shrinkage=0.05


Tree=72
num_leaves=20
num_cat=0
split_feature=1 1 2 2 2 2 1 3 3 2 2 0 1 2 1 2 3 0 1
split_gain=1.24854 2.58762 0.57751 0.64789 1.39562 1.19201 1.16233 1.04785 1.14994 2.50183 2.21856 1.44916 1.33733 1.67112 2.17959 1.91598 1.32577 1.27031 0.954816
threshold=-0.048504835142783594 -0.041351794653448591 52.603667137054266 449.75134264663387 431.00534980432661 476.04786519042091 -0.035835943039813523 192.6168750072699 141.16934429178249 333.34332001144259 237.94845244792833 18.355355976595682 -0.018953220326320377 192.98890302659296 -0.0031404664337898293 333.34332001144259 30.849460091231599 26.26594264701292 -0.028691151378262537
decision_type=2 2 2 2 2 2 2 2 2 2 2 2 2 2 2 2 2 2 2
left_child=-1 -2 -3 4 7 -5 -7 8 11 10 -10 16 -13 17 -15 -16 -4 -14 -8
right_child=1 2 3 5 -6 6 18 -9 9 -11 -12 12 13 14 15 -17 -18 -19 -20
leaf_value=-0.05016333975393511 0.046187563091872913 0.019348174652487282 0.011091335573346229 0.025848256262740878 -0.038749457841533032 0.041948198759401506 -0.027496801307531207 -0.032731640973308954 0.014165304219541382 0.04021426720558912 -0.032745007430343899 0.018337027206358429 -0.0045318566704180361 -0.030467232746363294 0.025542076406170656 -0.013642569051448013 -0.04289868987064982 -0.058234142608120071 0.00052029266540619781
leaf_weight=1.2332088761031617 3.0122866556048384 3.4944290537387124 1.5258429590612639 4.8622944653034201 2.9493510946631423 1.6221337765455235 3.2063752859830847 2.8783224225044242 6.6327186748385412 4.6663862243294707 4.065204095095396 6.2549848109483674 1.9359543621540165 4.5955686941742906 7.67776919901371 5.2546410635113716 4.4624641183763742 2.5538451597094536 58.953073177486658
leaf_count=8 16 31 26 29 16 8 15 13 40 24 23 33 22 29 38 29 76 26 298
internal_value=-8.94343e-05 0.000383382 -0.000698002 -0.00126248 -0.00528204 0.00198467 0.000165461 -0.00340203 -0.00170089 0.00966491 -0.00366059 -0.00679785 -0.00206529 -0.00786134 -0.000889715 0.00962074 -0.0291418 -0.0350783 -0.000924915
internal_weight=131.837 130.604 127.591 124.097 55.4531 68.6439 63.7816 52.5037 49.6254 15.3643 10.6979 34.2611 28.2728 22.0178 17.528 12.9324 5.98831 4.4898 62.1594
internal_count=800 792 776 745 395 350 321 379 366 87 63 279 177 144 96 67 102 48 313
is_linear=0
shrinkage=0.05


Tree=73
num_leaves=20
num_cat=0
split_feature=1 1 0 3 3 1 1 1 1 1 2 3 2 2 2 3 3 3 1
split_gain=1.13669 2.34544 0.544239 1.40719 0.677554 0.840073 0.759058 1.10775 0.918184 1.60738 1.33219 1.30885 1.11207 2.88097 2.56014 1.69265 1.38287 2.09828 1.2281
threshold=-0.048504835142783594 -0.041351794653448591 8.255585671372474 102.28370900503427 191.8175176149521 -0.031930001087650046 -0.023228463627668262 -0.027489166054870905 -0.015580393823927183 -0.012461408419237657 766.83307304841412 53.791036400579088 192.98890302659296 218.77284856711728 50.616168528744844 143.40764392034336 0.44076387303625403 12.623470516502302 -0.006033843443171814
decision_type=2 2 2 2 2 2 2 2 2 2 2 2 2 2 2 2 2 2 2
left_child=-1 -2 3 -3 5 -4 7 -7 11 -10 12 -8 14 -14 -11 -16 -15 -18 -19
right_child=1 2 4 -5 -6 6 8 -9 9 10 -12 -13 13 16 15 -17 17 18 -20
leaf_value=-0.048072895664390096 0.044055917441808874 0.0054429278532515894 -0.020945289433968544 -0.046432567529623381 0.017674049414822601 -0.0010250420397758646 0.0075364156836312066 0.033222280496363464 0.026809806944368953 0.033112437890245698 -0.029396083291004807 -0.033015519622430226 0.048115663987641916 0.065165717019330854 -0.046451234985379869 0.0019422942621544167 -0.037795795689859302 -0.013643832214895929 0.0043409135335663431
leaf_weight=1.2227642014622677 3.0004383698105803 3.1273711733520022 4.9408750794827929 2.2462245263159275 5.2016393691301337 5.5612061880528927 3.2821475230157358 4.1033809892833215 5.377390678972005 2.1131674349307996 4.0394064933061591 5.0533551312983036 3.2518781498074523 0.80470392853021522 4.9860358238220215 2.8338575884699821 3.6261461041867724 11.456509266048654 55.360481526702657
leaf_count=8 16 36 29 21 24 30 22 25 30 19 23 34 18 4 62 19 24 61 295
internal_value=-8.93347e-05 0.000360725 -0.000668631 -0.0162416 1.73389e-05 -0.000769059 0.000122211 0.0135157 -0.00114453 0.000267977 -0.00134525 -0.017048 -3.25146e-06 0.00209204 -0.0157183 -0.0289139 -8.55599e-06 -0.000753071 0.00125723
internal_weight=131.589 130.366 127.366 5.3736 121.992 116.791 111.85 9.66459 102.185 93.8496 88.4722 8.3355 84.4328 74.4997 9.93306 7.81989 71.2478 70.4431 66.817
internal_count=800 792 776 57 719 695 666 55 611 555 525 56 502 402 100 81 384 380 356
is_linear=0
shrinkage=0.05


Tree=74
num_leaves=20
num_cat=0
split_feature=1 1 0 0 0 3 3 3 3 0 1 1 0 3 3 1 3 3 1
split_gain=1.03483 2.12651 0.51902 1.02304 1.92571 1.8821 1.15095 1.59168 1.74126 0.973846 1.3461 2.17457 1.8009 1.75616 1.51252 1.13901 1.65331 2.79958 1.26919
threshold=-0.048504835142783594 -0.041351794653448591 27.654193915026159 22.510763549130477 21.740166898944803 126.79875276638647 185.47782643874808 167.48188421930848 141.85640289075306 30.249932789736146 0.01590770908135402 -0.0005406622493455052 40.459208977911551 77.95926345388456 138.60021116358561 -0.0047195945395283826 90.206101117325858 136.3932510597742 -0.021320665151710581
decision_type=2 2 2 2 2 2 2 2 2 2 2 2 2 2 2 2 2 2 2
left_child=-1 -2 3 4 6 -5 7 8 -3 -4 11 15 14 -12 -13 16 18 -18 -11
right_child=1 2 9 5 -6 -7 -8 -9 -10 10 13 12 -14 -15 -16 -17 17 -19 -20
leaf_value=-0.04606686173968752 0.04203523424085491 -0.0071248575819997219 0.017384615554883198 -0.0013193335203020608 0.041587060981180854 -0.035459894415179369 0.018036216053900971 -0.034871886264891801 0.024042904325517464 -0.037916110993513719 -0.043433105223722616 -0.0038325296758388362 0.043812746113349697 0.00062313691423117659 0.0302396546401511 -0.029579944228331628 0.039896953210028466 -0.007306929105883095 0.00054316743683839694
leaf_weight=1.2124775648117054 2.9877655878663054 27.674524119123816 9.4046060442924482 10.625056371092798 2.6279858797788611 6.5103768631815901 5.8897862881422034 4.1670047827064982 5.3469756394624701 4.2351832687854767 3.8103715591132623 9.553664676845079 4.5592919215559951 5.5664607211947441 4.9421170726418486 4.2147342897951594 4.8875465840101233 8.7903441041707975 4.3470345139503497
leaf_count=8 16 233 48 67 15 33 29 28 32 21 25 47 25 34 25 22 25 42 25
internal_value=-8.84553e-05 0.00033991 -0.000639822 -0.00387143 3.47465e-05 -0.0142906 -0.00250015 -0.00575263 -0.00207805 0.00251794 -2.84776e-05 0.00352436 0.0164045 -0.0172796 0.00778387 -0.005746 -0.00123327 0.00956052 -0.0184359
internal_weight=131.353 130.141 127.153 62.8417 45.7063 17.1354 43.0783 37.1885 33.0215 64.3114 54.9067 45.5299 19.0551 9.37683 14.4958 26.4748 22.2601 13.6779 8.58222
internal_count=800 792 776 437 337 100 322 293 265 339 291 232 97 59 72 135 113 67 46
is_linear=0
shrinkage=0.05


Tree=75
num_leaves=20
num_cat=0
split_feature=1 1 0 0 2 1 1 2 0 2 1 2 2 1 3 3 1 3 0
split_gain=0.942098 1.92828 0.549478 1.77894 0.769632 1.51676 1.79644 1.37682 1.05496 4.28235 1.9482 1.7003 2.9103 1.67003 1.66993 1.54116 1.70385 2.48197 2.32371
threshold=-0.048504835142783594 -0.041351794653448591 44.240214648824356 43.339767882848356 530.4715283807858 -0.031930001087650046 -0.023897244550225617 552.31523599126797 13.276681380776877 176.89611498911722 -0.007639324380231312 192.98890302659296 244.35999306881848 -0.018335770147139517 176.07000712615857 77.339105188884773 -0.0028831203857493126 145.93300214767072 32.957937188413268
decision_type=2 2 2 2 2 2 2 2 2 2 2 2 2 2 2 2 2 2 2
left_child=-1 -2 3 4 5 -3 -7 -6 9 -8 13 14 -13 -10 -12 -14 -17 18 -18
right_child=1 2 -4 -5 7 6 8 -9 10 -11 11 12 15 -15 -16 16 17 -19 -20
leaf_value=-0.044140137275034422 0.040116725970093754 -0.03664654575667859 -0.020289836482421445 0.036399343315770404 0.029184196657928742 0.023824241864941646 0.033110183299830433 0.00099393343325799612 0.0067843926392299626 -0.043405641750754856 -0.029666897290110017 0.04540495922585143 -0.013643494596770393 -0.033660881891375803 0.019491611083115336 0.043878670801457305 -0.0061537165266773398 -0.026058746736861524 0.04423432305865177
leaf_weight=1.2023945041000832 2.9744608849287024 3.4706199653446665 3.4505128413438788 3.2573763057589522 4.791484370827674 5.8090296909212986 2.5759621746838146 45.098790530115366 3.7736334167420864 6.3027522936463356 6.5445022527128511 4.4776704311370876 10.046792000532152 7.8858853355049998 2.3471839502453804 3.207522969692941 4.655128434300428 4.7086775638163081 4.4997545182704926
leaf_count=8 16 25 18 17 22 35 28 229 25 77 67 23 59 55 12 15 25 24 20
internal_value=-8.53149e-05 0.00032254 -0.000610188 -6.01406e-05 -0.00104822 -0.00441862 -0.00274507 0.00370134 -0.00527421 -0.0212063 -0.00256155 0.00262471 0.00806038 -0.0205707 -0.0166903 0.00189408 0.0110384 0.00344032 0.0186127
internal_weight=131.08 129.878 126.903 123.453 120.195 70.3051 66.8345 49.8903 61.0255 8.87871 52.1468 40.4872 31.5955 11.6595 8.89169 27.1179 17.0711 13.8636 9.15488
internal_count=800 792 776 758 741 490 465 251 430 105 325 245 166 80 79 143 84 69 45
is_linear=0
shrinkage=0.05


Tree=76
num_leaves=20
num_cat=0
split_feature=3 2 2 0 2 3 3 0 2 2 2 2 2 2 1 1 1 0 3
split_gain=0.522485 0.552536 1.75684 0.699644 1.81222 1.74397 2.43341 1.30143 1.26366 1.92392 1.41452 1.58857 1.44744 1.28234 1.22563 2.45731 1.24117 1.12696 0.981952
threshold=191.8175176149521 77.56180879594659 50.616168528744844 15.855530055106696 102.56007283646551 0.44076387303625403 3.647118320746257 12.11896688517597 180.14665496062401 145.08370511413565 188.83207172133532 192.98890302659296 201.46121313314669 204.95268996575629 -0.0034540221031096451 -0.013100180702778892 -0.023897244550225617 9.4959229042650666 108.42826427107548
decision_type=2 2 2 2 2 2 2 2 2 2 2 2 2 2 2 2 2 2 2
left_child=1 2 -1 7 -5 -6 -7 14 9 -8 -10 -12 -13 -14 15 16 -3 -16 -9
right_child=-2 3 -4 4 5 6 8 18 10 -11 11 12 13 -15 17 -17 -18 -19 -20
leaf_value=0.0064416170484044525 0.014027730296855404 0.017524821671629869 -0.056214721377404075 0.042494954757414598 0.079339463523812839 -0.072995449827315512 0.0016184100931756263 -0.0098402121739504331 0.059378070183402992 -0.058031697429797163 -0.075415951680806698 0.05167965735709467 -0.080910554629147036 0.0019106385485877242 0.0011378278304553086 0.054051669050131868 -0.030170548206893001 -0.03495273154911064 -0.048617608451354523
leaf_weight=2.9222892746329299 6.2442644834518424 2.8570331931114197 1.8127837162464855 2.6562276296317568 0.69815969467162986 1.1272873729467381 3.4172299019992343 3.7834156416356555 1.0766295194625843 2.2364691011607647 0.66253297030925651 1.4589471705257882 0.47004459798335929 82.071681216359138 5.4718486722558737 2.5676535405218637 2.6101734414696693 3.5770224407315254 2.8717612251639366
leaf_count=27 30 20 26 19 3 7 25 33 6 24 3 9 2 426 45 17 26 30 22
internal_value=-8.55187e-05 -0.000794223 -0.0175458 -0.00013109 0.00177172 0.000611328 1.7248e-05 -0.00781602 0.000917818 -0.0219778 0.00242756 0.00170334 0.0023116 0.001439 -0.000509028 0.0137034 -0.00524607 -0.0131288 -0.026573
internal_weight=130.593 124.349 4.73507 119.614 95.8752 93.219 92.5208 23.7389 91.3935 5.6537 85.7398 84.6632 84.0007 82.5417 17.0837 8.03486 5.46721 9.04887 6.65518
internal_count=800 770 53 717 524 505 502 193 495 49 446 440 437 428 138 63 46 75 55
is_linear=0
shrinkage=0.05


Tree=77
num_leaves=20
num_cat=0
split_feature=0 0 2 2 2 1 1 3 0 1 1 2 0 3 3 3 3 1 2
split_gain=0.500374 1.74008 0.764267 1.90922 1.41122 1.26611 1.47019 1.66999 1.63613 1.36143 2.12842 1.00026 0.866867 0.689314 3.41431 2.30628 1.6982 1.15106 1.14839
threshold=44.240214648824356 43.339767882848356 530.4715283807858 549.86592881182912 577.58984485109966 -0.030454700330502456 -0.014588641305093077 61.799821483916112 31.495614549809556 0.0075579038915376678 -0.0066413739789561678 507.20000786697688 24.144936762965724 123.75005376031784 147.2540889453683 162.40607050387777 114.75813674902697 0.0012961780321970354 77.56180879594659
decision_type=2 2 2 2 2 2 2 2 2 2 2 2 2 2 2 2 2 2 2
left_child=1 2 11 -4 -5 -6 -7 8 -8 10 -9 13 -11 16 -15 -16 18 -17 -1
right_child=-2 -3 3 4 5 6 7 9 -10 12 -12 -13 -14 14 15 17 -18 -19 -20
leaf_value=-0.036557787550665015 -0.01890759600065469 0.035853915416506697 0.035780084702799357 -0.024098427094404021 0.032589654053974015 -0.022012493148954693 -0.025488506744931024 0.028560398024521844 0.013571176973159311 0.010791226041372018 -0.014106841571077007 -0.027387620978942151 0.04216490139202294 0.032172791496578028 -0.039093308420174659 0.011593897620597805 -0.041385143699057686 -0.016288979824622168 -0.0011897891338378663
leaf_weight=2.4589177612215272 3.4381354451179496 3.3733297660946837 4.3630565404891959 4.9324567541480056 3.5855631604790679 5.655269742012023 6.7569675073027593 4.8772299513220734 4.444531187415123 3.8668325394391996 7.2941284403204989 4.2449465990066519 5.1129719465970993 7.6343992352485683 4.3960607871413258 10.475212015211584 3.2239827662706366 5.7239131517708293 34.460009483620524
leaf_count=35 18 18 20 25 18 29 35 25 21 18 36 20 30 49 29 52 22 36 264
internal_value=-8.62714e-05 0.000423741 -0.000543963 0.0041545 0.00118876 0.00418749 0.00150811 0.00561953 -0.0099904 0.0138864 0.00299051 -0.00383656 0.0286549 -0.00237438 0.00361235 -0.00697468 -0.00658442 0.00174157 -0.00354541
internal_weight=130.318 126.88 123.506 50.889 46.526 41.5935 38.0079 32.3527 11.2015 21.1512 12.1714 72.6174 8.9798 68.3725 28.2296 20.5952 40.1429 16.1991 36.9189
internal_count=800 782 764 257 237 212 194 165 56 109 61 507 48 487 166 117 321 88 299
is_linear=0
shrinkage=0.05


Tree=78
num_leaves=20
num_cat=0
split_feature=3 3 0 2 3 1 3 1 1 1 2 2 0 2 3 3 1 1 1
split_gain=0.467347 0.555873 2.0064 0.986425 0.949389 1.74812 1.53013 1.68626 3.07219 2.3762 1.43974 3.35425 1.85536 1.3421 1.27744 1.42221 1.13938 1.752 2.2777
threshold=191.8175176149521 176.07000712615857 30.354897695006965 779.19763024897679 162.40607050387777 -0.0043491085165333317 152.5677198658762 -0.0021140606487344738 0.0057992587240193608 -0.0078981699687286546 659.20170369730215 470.43427205603905 18.355355976595682 116.66693940581318 37.012927979647635 90.206101117325858 0.0075579038915376678 0.012855491313789534 0.011156156444393174
decision_type=2 2 2 2 2 2 2 2 2 2 2 2 2 2 2 2 2 2 2
left_child=1 3 -3 4 6 -6 7 9 -9 10 11 12 -1 -14 -15 -16 -10 18 -18
right_child=-2 2 -4 -5 5 -7 -8 8 16 -11 -12 -13 13 14 15 -17 17 -19 -20
leaf_value=-0.041962893816440382 0.01329541994024077 0.007216770219164826 -0.035074176465051253 0.02602933665030149 0.035277076421184786 -0.0095364553635135917 -0.026451348865549337 0.024056406322670271 -0.030583020731589319 -0.030433258231468779 -0.022885542055761682 0.029041607821317345 0.033135337055038655 0.018636962846302011 -0.042373110812687513 -1.8137564763927494e-05 0.00012343421561112735 -0.0060714425639565098 0.054522967882758872
leaf_weight=3.4390455763787093 6.2150910794734946 6.4134035073220712 4.984041653573513 3.6088739633560172 4.8578930571675301 3.9421130083501321 5.9804132580757132 15.740910325199371 3.2525817528367034 9.1397480238228948 6.33536772429943 8.6728151440620405 2.3929281309247008 3.1949181109666815 3.5519724041223508 4.4839908890426159 5.141666663810609 25.466115025803447 3.0749155282974243
leaf_count=53 30 33 27 20 25 25 32 95 23 66 33 48 16 19 22 25 34 156 18
internal_value=-8.3437e-05 -0.000755777 -0.0112768 0.000312242 -0.00054183 0.0152021 -0.00192914 -0.00036712 0.00555978 -0.00794297 -0.00153358 0.00372265 -0.00914663 -0.000862857 -0.00810674 -0.0187394 -0.00232303 0.000405909 0.0204815
internal_weight=129.889 123.674 11.3974 112.276 108.667 8.80001 99.8674 93.887 52.6762 41.2108 32.071 25.7357 17.0629 13.6238 11.2309 8.03596 36.9353 33.6827 8.21658
internal_count=800 770 60 710 690 50 640 608 326 282 216 183 135 82 66 47 231 208 52
is_linear=0
shrinkage=0.05


Tree=79
num_leaves=20
num_cat=0
split_feature=1 2 2 1 1 1 0 3 1 2 2 2 2 0 0 2 2 2 2
split_gain=0.467329 1.51062 1.72354 2.14007 1.18149 2.10353 1.95197 2.67463 1.57236 1.05364 1.33601 1.42861 1.29934 2.61698 2.1448 2.02738 2.87003 1.50114 1.08846
threshold=-0.023897244550225617 608.13202560162961 188.83207172133532 -0.028691151378262537 -0.014588641305093077 -0.012461408419237657 27.896873279849746 47.869153563409469 -0.011576477741231181 766.83307304841412 706.80129234491403 677.19275303663687 562.3278689985865 30.420749190520802 16.802659498372655 52.603667137054266 120.98421575805784 538.61953330125982 213.13348914872842
decision_type=2 2 2 2 2 2 2 2 2 2 2 2 2 2 2 2 2 2 2
left_child=1 2 -1 -4 6 -6 7 -2 -7 10 11 12 15 14 -14 -10 -17 18 -18
right_child=4 -3 3 -5 5 8 -8 -9 9 -11 -12 -13 13 -15 -16 16 17 -19 -20
leaf_value=0.026548055221219499 0.0098708471171033447 0.030722564673414568 -0.029976530643357008 0.016354940706389182 0.033185350602110544 -0.042415618631719616 0.0026680390781333671 -0.06458367313625675 0.038945606929559173 -0.024422914004607992 0.020900192552815142 -0.033669818100410497 0.025688936003576614 0.043487196253012977 -0.018671569755106424 -0.047561066427958903 0.017037267906070418 -0.03100562677382563 -0.0028948308950030588
leaf_weight=4.0558135621249702 1.8485435470938663 5.0088151916861525 6.369430560618639 4.094650171697138 4.6663090549409381 2.259365063160657 6.1382340043783188 3.4712799787521362 2.7583176102489224 4.2773364260792723 7.6866425275802603 3.1977394744753829 4.6556268259882945 4.9109275192022315 6.570026233792305 3.69550503976643 8.2012978419661504 4.122594326734542 41.54935634508729
leaf_count=29 17 25 38 23 27 12 33 31 24 24 40 16 23 28 32 44 64 19 251
internal_value=-8.22604e-05 0.00704562 -0.00112203 -0.0118468 -0.0013476 0.00041924 -0.0165442 -0.0387121 -0.00120932 -0.000193224 0.000993277 -0.00092757 0.000441723 0.0130441 -0.000273891 -0.00292923 -0.0049356 -0.00201165 0.000390937
internal_weight=129.538 19.5287 14.5199 10.4641 110.009 98.551 11.4581 5.31982 93.8847 91.6254 87.348 79.6614 76.4637 16.1366 11.2257 60.3271 57.5688 53.8732 49.7507
internal_count=800 115 90 61 685 604 81 48 577 565 541 501 485 83 55 402 378 334 315
is_linear=0
shrinkage=0.05


Tree=80
num_leaves=20
num_cat=0
split_feature=0 0 2 2 2 3 2 0 1 2 3 2 3 3 3 3 2 1 1
split_gain=0.455265 1.57789 0.627649 1.82306 1.26149 1.23754 1.72181 1.38834 1.53709 1.2188 2.60488 0.900867 0.637347 3.119 2.01928 1.51382 1.10821 1.22729 2.45379
threshold=44.240214648824356 43.339767882848356 530.4715283807858 549.86592881182912 577.58984485109966 95.630547913635425 623.85933650371146 18.639557259465043 0.0012961780321970354 674.74476289198537 125.21143409081076 507.20000786697688 123.75005376031784 147.2540889453683 162.40607050387777 114.75813674902697 77.56180879594659 -0.019487671734677938 -0.0010449370375450043
decision_type=2 2 2 2 2 2 2 2 2 2 2 2 2 2 2 2 2 2 2
left_child=1 2 11 -4 -5 7 -7 -6 -9 -8 -11 12 15 -14 -15 16 -1 -18 -19
right_child=-2 -3 3 4 5 6 9 8 -10 10 -12 -13 13 14 -16 -17 17 18 -20
leaf_value=-0.03614819004152383 -0.018052409779992239 0.034279649328871502 0.034734126752375534 -0.023205240023574863 -0.023083768203160319 0.037129125179769233 -0.015247704959443224 0.019920354647578215 -0.014682897096552747 -0.01902739382172982 0.032812436406266667 -0.025940302230921222 0.03084006009350947 -0.037219923350620063 0.0015130666154410941 -0.039511911279847274 0.014485391421515271 -0.033951492399721006 0.0022369100157870673
leaf_weight=2.4040040187537661 3.430691882967948 3.3469165787100783 4.3426683545112601 4.8752017803490153 7.0421738103032139 5.1974147930741337 5.4284035861492148 7.1950465589761716 5.7932625561952591 3.8095911815762502 6.6590268015861511 4.2142512947320929 7.668025970458987 4.2524661570787456 16.122105281800032 3.1381774656474581 9.2919873036444134 6.2423112262040332 18.767070822417747
leaf_count=35 18 18 20 25 37 27 27 37 27 19 38 20 49 29 88 22 60 66 138
internal_value=-8.15802e-05 0.000408541 -0.000517307 0.00376681 0.000843322 0.00369419 0.0121462 -0.00520676 0.00448603 0.0039782 0.0139476 -0.00350861 -0.00211609 0.00365871 -0.00657107 -0.0061805 -0.00333079 -0.00103079 -0.00679567
internal_weight=129.221 125.79 122.443 50.3428 46.0001 41.1249 21.0944 20.0305 12.9883 15.897 10.4686 72.1004 67.8861 28.0426 20.3746 39.8436 36.7054 34.3014 25.0094
internal_count=800 782 764 257 237 212 111 101 64 84 57 507 487 166 117 321 299 264 204
is_linear=0
shrinkage=0.05


Tree=81
num_leaves=20
num_cat=0
split_feature=3 1 1 1 0 3 0 2 3 3 1 3 3 1 1 2 1 3 0
split_gain=0.4217 0.530215 1.46796 2.36299 1.79521 1.58813 3.97302 1.69998 1.41356 2.42729 1.62312 1.57027 1.25917 2.0598 2.33592 1.76489 1.23784 1.96501 1.06509
threshold=191.8175176149521 -0.0031404664337898293 0.0056502445540414685 0.0074944860359860326 11.059701530528175 66.091843991640317 20.782660344373081 478.26609650303885 181.73966953398806 162.40607050387777 -0.0078981699687286546 129.60573061773053 17.856221190698864 0.012855491313789534 0.0091272471132715933 120.98421575805784 0.022458845731111923 140.57290951427748 30.354897695006965
decision_type=2 2 2 2 2 2 2 2 2 2 2 2 2 2 2 2 2 2 2
left_child=1 8 4 -4 -3 -6 -7 -8 9 10 -1 -12 -5 14 -14 -15 17 -17 -18
right_child=-2 2 3 12 5 6 7 -9 -10 -11 11 -13 13 15 -16 16 18 -19 -20
leaf_value=-0.0019351506788572498 0.012682815917060095 -0.020681693093962353 -0.037735839474235977 -0.0250843148294498 0.040482309149521459 0.054325534861358118 0.0099462391684126475 -0.034841606888965322 -0.033567431364312089 0.024153944703987369 -0.040781648167216661 0.0056955502786539772 -0.0095234210857047547 -0.056408185596349775 0.041577939788219519 -0.022668101453668953 0.021610478734192182 0.020027596379958081 -0.0076390763152231729
leaf_weight=34.83674686588347 6.1626128107309333 3.325197177007797 4.3732407577335826 4.2060585319995871 5.9366842508316067 3.4455184191465369 4.9685914441943151 3.6937173008918762 3.8575533106923094 7.4682724028825751 5.8432482518255693 2.637692466378212 3.4590186364948732 1.472022976726296 6.3265562765300274 9.7411139551550168 8.3092538192868215 3.7255278900265685 4.9762524403631678
leaf_count=232 30 30 30 31 33 19 27 19 20 38 46 15 20 17 38 57 47 20 31
internal_value=-7.98097e-05 -0.000721324 0.00222712 -0.00274981 0.0130775 0.0192986 0.00891187 -0.00915186 -0.00438823 -0.00217187 -0.00671062 -0.0263266 0.000874484 0.00374702 0.0235146 -0.00310657 -0.000173676 -0.0108564 0.0106547
internal_weight=128.765 122.602 67.9588 46.589 21.3697 18.0445 12.1078 8.66231 54.6435 50.786 43.3177 8.48094 42.2158 38.0097 9.78557 28.2242 26.7521 13.4666 13.2855
internal_count=800 770 419 291 128 98 65 46 351 331 293 61 261 230 58 172 155 77 78
is_linear=0
shrinkage=0.05


Tree=82
num_leaves=20
num_cat=0
split_feature=0 3 3 1 3 2 1 0 2 2 3 3 1 2 1 3 0 1 1
split_gain=0.432762 0.957042 2.36219 0.935468 4.6489 2.56403 2.32682 1.56263 1.25886 0.82353 2.04311 1.44696 1.972 1.33856 1.02879 1.60408 0.821702 1.19802 1.17844
threshold=27.654193915026159 17.856221190698864 10.771661587424532 0.011156156444393174 37.455066647394638 225.43897267922264 0.0054389927952080619 24.039244696253188 489.36194031146238 370.72943686627832 158.38705326208472 167.48188421930848 -0.0026479719177407816 183.11241247206036 -0.0020084270891897594 71.704827136142399 30.249932789736146 0.022663702992762907 -0.0005406622493455052
decision_type=2 2 2 2 2 2 2 2 2 2 2 2 2 2 2 2 2 2 2
left_child=1 2 -1 6 -5 -6 7 9 -7 11 14 12 13 -3 15 -11 -2 18 -18
right_child=16 3 -4 4 5 8 -8 -9 -10 10 -12 -13 -14 -15 -16 -17 17 -19 -20
leaf_value=0.013657398789882206 0.016591575997541064 0.016154328216262202 -0.059287578175522694 0.069118639889424932 0.038979384599253951 -0.037939368762704859 -0.041763267302199931 -0.026701117115997576 -0.0022552597837194764 0.014807558423221468 0.035240156828581823 -0.033644035683891731 0.045500096191341072 -0.031874908576392878 0.020195272330890239 -0.023339566674504902 -0.0040486879564010812 -0.022031064798789787 0.011394329310288385
leaf_weight=2.0765043385326853 9.2643375396728498 2.5761659946292639 2.3841076027601957 2.6722775027155903 2.9548827596008769 3.5614125560969105 3.9695250596851102 5.3168228454887858 8.076346427202223 4.5359605289995617 5.3123010769486418 3.7681431956589222 2.1033035051077587 3.3204307612031698 4.3347265347838464 7.0217231214046478 27.427246678620573 5.3303600028157225 22.477119896560911
leaf_count=22 48 33 29 14 22 32 34 34 38 26 25 23 18 39 24 39 144 37 119
internal_value=-7.86533e-05 -0.00299212 -0.0253302 -0.00131814 0.00848841 -0.0026145 -0.0053246 -0.00154696 -0.0131754 0.00250912 0.00839577 -0.00809797 0.00393484 -0.0108914 -0.000577413 -0.00836824 0.00281157 0.000500298 0.00290691
internal_weight=128.484 63.9846 4.46061 59.524 17.2649 14.5926 42.2591 38.2896 11.6378 32.9728 21.2047 11.768 7.9999 5.8966 15.8924 11.5577 64.4991 55.2347 49.9044
internal_count=800 452 51 401 106 92 295 261 70 227 114 113 90 72 89 65 348 300 263
is_linear=0
shrinkage=0.05


Tree=83
num_leaves=20
num_cat=0
split_feature=2 3 2 2 2 3 0 0 0 3 3 3 0 1 3 1 1 1 2
split_gain=0.415785 1.40891 0.673219 1.18238 1.05661 0.988126 1.03002 1.48152 0.827964 0.686467 1.29999 2.18811 1.23184 1.13576 1.41893 1.391 1.10751 2.19106 1.89514
threshold=746.16225877719273 123.17745213843723 732.41276732380879 711.46234900372963 679.39313615066169 10.771661587424532 44.175906285877453 42.720869287312205 8.255585671372474 55.426994412011204 66.091843991640317 77.339105188884773 9.4959229042650666 0.022610433893761956 36.229667691123574 0.0032638021844479076 -0.013100180702778892 -0.020499390406909106 184.51300837386682
decision_type=2 2 2 2 2 2 2 2 2 2 2 2 2 2 2 2 2 2 2
left_child=2 -2 3 4 5 -1 7 8 -7 13 -11 -12 -13 14 -10 -16 17 18 -14
right_child=1 -3 -4 -5 -6 6 -8 -9 9 10 11 12 16 -15 15 -17 -18 -19 -20
leaf_value=0.024057482078257947 -0.0061903312451282826 0.03278827078001726 -0.022535221475692483 0.028719564748132018 -0.023154666382202486 -0.024457339433421137 -0.028748996963782636 0.031274521755629003 -0.00081639718659731904 0.022907369271257368 -0.03488429254021648 0.030171868602405089 0.036123932864615814 0.021857213828003541 -0.012487861691112781 -0.057458474050343482 0.0044003816571567258 -0.041448443222748918 -0.011917140959287274
leaf_weight=4.0888772644102565 5.5969939976930601 3.95755984634161 3.4859022274613372 3.4217698574066153 5.1873396337032309 3.7074890807270995 3.2402355819940558 3.6247711554169646 9.4175143092870766 6.6672127246856681 4.2677433248609296 3.6838374659419051 2.7980729192495328 2.6166849397122851 4.3371228501200667 2.8491181638091803 43.205228706821813 4.3126731626689283 7.707652997225523
leaf_count=33 26 25 18 18 27 46 16 19 70 40 29 21 16 18 34 19 254 28 43
internal_value=-7.91996e-05 0.00995487 -0.000887424 -0.000231992 -0.00111879 -4.57234e-05 -0.00100784 -0.000101671 -0.0012917 -0.000356759 0.00186653 -0.000259777 0.00213489 -0.00875955 -0.0135846 -0.0303173 0.000354857 -0.0114405 0.000878017
internal_weight=128.174 9.55455 118.619 115.133 111.712 106.524 102.435 99.1951 95.5704 91.8629 72.6424 65.9752 61.7075 19.2204 16.6038 7.18624 58.0236 14.8184 10.5057
internal_count=800 51 749 731 713 686 653 637 618 572 431 391 362 141 123 53 341 87 59
is_linear=0
shrinkage=0.05


Tree=84
num_leaves=20
num_cat=0
split_feature=3 3 0 2 3 0 3 1 1 1 2 2 0 1 3 2 1 1 1
split_gain=0.409133 0.548116 1.73434 0.892205 0.722645 1.55926 1.3866 1.35619 2.3766 2.07034 1.2822 3.05872 1.7008 1.19463 1.68241 0.98906 1.27045 0.882929 1.42379
threshold=191.8175176149521 176.07000712615857 30.354897695006965 779.19763024897679 162.40607050387777 17.642864073096728 152.5677198658762 -0.0021140606487344738 0.0057992587240193608 -0.0078981699687286546 659.20170369730215 470.43427205603905 18.355355976595682 -0.027553249323682336 93.700774425760159 294.57966260991498 0.0022004348018622721 0.0075579038915376678 0.012855491313789534
decision_type=2 2 2 2 2 2 2 2 2 2 2 2 2 2 2 2 2 2 2
left_child=1 3 -3 4 6 -6 7 9 15 10 11 12 -1 -14 -15 -9 -17 -10 -19
right_child=-2 2 -4 -5 5 -7 -8 8 17 -11 -12 -13 13 14 -16 16 -18 18 -20
leaf_value=-0.040931406259746943 0.012546330640596818 0.0060616054675773686 -0.033657712694531265 0.025012846642409547 -0.015716299856636234 0.02880453164488736 -0.025347757980913134 0.042465914426824597 -0.02721996713178066 -0.028397513416035292 -0.021396088690534779 0.028210280811394668 0.020129843840123767 -0.030206377361621586 0.013636543537745995 -3.4593709741223067e-05 0.033563303980794372 0.018722759610793508 -0.0053533545457074352
leaf_weight=3.2572645545005896 6.1115726456046096 6.3005720339715463 4.8746959306299686 3.5508105531334868 3.0107640475034696 5.6711818799376488 5.8234940320253363 4.1120907980948749 3.139315912500023 8.8777320496737868 6.2247374877333632 8.5787718929350358 4.5649890452623394 5.0788327232003159 3.8444233611226082 6.7731254249811155 4.8131164833903313 8.1211736593395454 25.179352469742298
leaf_count=53 30 33 27 20 21 29 32 30 23 66 33 48 24 34 24 39 26 52 156
internal_value=-7.75861e-05 -0.000711036 -0.0112641 0.000355066 -0.000462668 0.0133654 -0.00168288 -0.00019406 0.00513517 -0.00706714 -0.00106488 0.00393256 -0.00850499 -0.000674363 -0.0113174 0.0213993 0.0139225 -0.00187145 0.000518213
internal_weight=127.908 121.796 11.1753 110.621 107.07 8.68195 98.3884 92.5649 52.1382 40.4268 31.549 25.3243 16.7455 13.4882 8.92326 15.6983 11.5862 36.4398 33.3005
internal_count=800 770 60 710 690 50 640 608 326 282 216 183 135 82 58 95 65 231 208
is_linear=0
shrinkage=0.05


Tree=85
num_leaves=20
num_cat=0
split_feature=0 3 3 1 3 2 1 0 2 2 0 1 3 3 1 3 0 1 3
split_gain=0.425391 0.902151 2.19151 0.849838 3.89145 2.50139 1.9678 1.4756 1.14547 0.787556 0.849367 1.19007 1.98723 1.94824 2.00694 2.6579 0.728359 1.10655 1.48429
threshold=27.654193915026159 17.856221190698864 10.771661587424532 0.011691012049054617 37.455066647394638 225.43897267922264 0.0054389927952080619 24.039244696253188 536.27913251007101 721.40199821239241 8.255585671372474 -0.027946482208695351 187.12904258677841 106.17731897829221 -0.00082284903391422078 67.980141749277649 30.249932789736146 0.01590770908135402 77.95926345388456
decision_type=2 2 2 2 2 2 2 2 2 2 2 2 2 2 2 2 2 2 2
left_child=1 2 -1 6 -5 -6 7 9 -7 10 -3 -12 13 14 15 -13 -2 -18 -19
right_child=16 3 -4 4 5 8 -8 -9 -10 -11 11 12 -14 -15 -16 -17 17 18 -20
leaf_value=0.01168272068733364 0.015766906259156284 -0.027682864809101565 -0.058893277213009958 0.06535677543231054 0.03961028778569313 -0.033595493127899508 -0.037754446882623062 -0.026092125850834896 -0.00062331078188508258 0.02561307090896885 -0.01811209721572412 0.007583173113111766 -0.03125888587751658 0.028766267939377463 0.031502216456580877 -0.061765160805582454 0.0037617938517750509 -0.040021194244168792 0.0012612961504905563
leaf_weight=2.127353284507989 9.2586472257971746 2.5658713653683689 2.2775248382240534 2.5259810984134701 2.8918804191052905 4.1032864022999984 4.1695103272795668 5.2802527137100688 7.3565865457057953 3.2852151170372954 5.583588361740115 3.3911538235843226 2.8200723081827155 9.980175029486416 2.7188227251172075 2.3316979072988033 45.817947745323181 3.6463112980127317 5.4046803899109364
leaf_count=22 48 29 29 13 21 34 37 34 35 16 37 33 12 60 16 24 241 25 34
internal_value=-7.66212e-05 -0.0029806 -0.0248083 -0.00135108 0.0081291 -0.00194326 -0.00514928 -0.00156764 -0.0124292 0.0023953 -0.000199859 0.0024289 0.00782825 0.0138118 -0.00386808 -0.0206719 0.00279482 0.000605896 -0.0153699
internal_weight=127.537 63.409 4.40488 59.0041 16.8777 14.3518 42.1264 37.9568 11.4599 32.6766 29.3914 26.8255 21.2419 18.4218 8.44167 5.72285 64.1276 54.8689 9.05099
internal_count=800 452 51 401 103 90 298 261 69 227 211 182 145 133 73 57 348 300 59
is_linear=0
shrinkage=0.05


Tree=86
num_leaves=20
num_cat=0
split_feature=3 3 0 2 3 0 3 1 1 1 1 2 2 3 1 0 3 2 1
split_gain=0.415123 0.48964 1.60747 0.799129 0.642461 1.43469 1.27585 1.21528 2.05156 1.94294 1.21904 2.01402 2.11914 2.07658 1.99851 1.83445 1.62921 0.865229 1.23547
threshold=191.8175176149521 176.07000712615857 30.354897695006965 779.19763024897679 162.40607050387777 17.642864073096728 152.5677198658762 -0.0021140606487344738 0.0057992587240193608 -0.0078981699687286546 -0.013100180702778892 659.20170369730215 536.27913251007101 36.229667691123574 -0.033406620473732711 30.420749190520802 94.973746771418362 319.76776159402272 0.0022004348018622721
decision_type=2 2 2 2 2 2 2 2 2 2 2 2 2 2 2 2 2 2 2
left_child=1 3 -3 4 6 -6 7 9 17 10 11 12 13 -1 -15 -12 -16 -9 -19
right_child=-2 2 -4 -5 5 -7 -8 8 -10 -11 15 -13 -14 14 16 -17 -18 18 -20
leaf_value=0.020561000960378953 0.012654350129039134 0.0059656063732350592 -0.032363932630467461 0.023742530162279618 -0.015417082858090521 0.027462797045312095 -0.024402101544776927 0.038377725068516041 -0.0017045839379682258 -0.027501897366585246 -0.012116374957445384 -0.038095643880876197 0.030636243910500911 0.01336474007620066 -0.055231575780645616 0.036307358314793273 -0.0077841272259546864 -0.001862158413544772 0.031684312104033031
leaf_weight=4.2377733550965848 6.0949698761105529 6.2861792147159559 4.8425736837089062 3.5168751180171958 2.9847355373203737 5.6306870654225349 5.7893269881606093 4.5220689959824147 36.249829169362783 8.7999630142003209 3.3804060313850659 4.1890780329704276 4.3975094817578784 3.0128204282373217 4.2323108036071018 4.6409592777490616 3.1600723639130592 6.4240037836134416 4.7919085919857025
leaf_count=32 30 33 27 20 21 29 32 33 231 66 30 23 24 22 34 25 26 36 26
internal_value=-7.80023e-05 -0.00071888 -0.0107131 0.000292608 -0.000482173 0.0126074 -0.00163494 -0.00020286 0.00484001 -0.00674873 -0.000904835 -0.00670782 0.000197789 -0.00894334 -0.0209597 0.0159004 -0.0349489 0.0199144 0.0124703
internal_weight=127.184 121.089 11.1288 109.96 106.443 8.61542 97.828 92.0387 51.9878 40.0509 31.2509 23.2296 19.0405 14.643 10.4052 8.02137 7.39238 15.738 11.2159
internal_count=800 770 60 710 690 50 640 608 326 282 216 161 138 114 82 55 60 95 62
is_linear=0
shrinkage=0.05


Tree=87
num_leaves=20
num_cat=0
split_feature=1 2 2 1 1 1 0 3 2 2 2 2 2 0 2 2 2 0 0
split_gain=0.433293 1.42633 1.43537 1.98944 0.88871 2.02531 1.78722 2.51578 1.198 0.920778 1.80174 2.7229 1.76549 2.39666 1.56867 1.4723 1.27508 0.924684 0.780094
threshold=-0.023897244550225617 608.13202560162961 188.83207172133532 -0.028691151378262537 -0.014588641305093077 -0.012461408419237657 27.896873279849746 47.869153563409469 766.83307304841412 562.3278689985865 52.603667137054266 120.98421575805784 597.19514588937875 31.495614549809556 683.1127829445951 706.80129234491403 538.61953330125982 17.642864073096728 13.276681380776877
decision_type=2 2 2 2 2 2 2 2 2 2 2 2 2 2 2 2 2 2 2
left_child=1 2 -1 -4 6 -6 7 -2 9 10 -7 -12 -11 15 -15 17 18 -14 -13
right_child=4 -3 3 -5 5 8 -8 -9 -10 12 11 16 13 14 -16 -17 -18 -19 -20
leaf_value=0.02405854747274612 0.010177557630956159 0.03021563830037868 -0.028775393191377726 0.01642455002328274 0.032730013077815187 0.035898658212692905 0.0037120553734101718 -0.063550963027612262 -0.026681215197549454 0.038635501519866916 -0.047269145624933048 -0.017076369179361308 -0.0038269125333114241 0.046702256681441227 0.0036107176581986187 0.013015026678402351 -0.029748337625001793 -0.034807504796755345 0.0018888970642132832
leaf_weight=4.0540183298289802 1.8150754049420337 4.8714276254177085 6.2255622670054436 3.9976407662034017 4.5646702870726577 2.7687656097114077 5.9538821950554848 3.1913475748151541 4.4558493122458449 3.9159365892410305 3.6374925896525374 6.1786384712904683 4.3117382451891917 3.8989555239677411 4.6080039143562317 4.6635524183511725 4.0036133825778952 5.4566015675663948 44.283703967928886
leaf_count=29 17 25 38 23 27 24 33 31 25 21 46 70 22 22 25 23 19 28 252
internal_value=-7.64827e-05 0.00685393 -0.00111715 -0.0111006 -0.00130859 0.00022009 -0.0148024 -0.0368207 -0.00138972 -0.000105111 -0.00350749 -0.00538528 0.00760711 0.00231019 0.0233607 -0.0100981 -0.00258808 -0.0211327 -0.000433221
internal_weight=126.856 19.1486 14.2772 10.2232 107.708 96.7475 10.9603 5.00642 92.1829 87.727 60.8722 58.1034 26.8548 22.9389 8.50696 14.4319 54.466 9.76834 50.4623
internal_count=800 115 90 61 685 604 81 48 577 552 411 387 141 120 47 73 341 50 322
is_linear=0
shrinkage=0.05


Tree=88
num_leaves=20
num_cat=0
split_feature=0 0 2 2 2 3 2 0 2 2 2 3 2 3 3 2 1 1 1
split_gain=0.411185 1.36238 0.537577 1.24914 1.21339 1.15053 1.50306 1.37472 1.43348 1.96048 1.04118 2.12075 0.740297 0.601232 1.10858 1.31077 1.0609 3.23726 2.23776
threshold=44.240214648824356 43.339767882848356 530.4715283807858 552.31523599126797 577.58984485109966 95.630547913635425 623.85933650371146 18.639557259465043 718.05815280050399 657.15724491425829 674.74476289198537 125.21143409081076 507.20000786697688 77.339105188884773 65.688640700030305 460.43804470154515 -0.031351075070159447 -0.019487671734677938 -0.0003045367626227178
decision_type=2 2 2 2 2 2 2 2 2 2 2 2 2 2 2 2 2 2 2
left_child=1 2 12 -4 -5 7 -7 -6 9 -9 -8 -12 13 14 15 16 -1 -18 -19
right_child=-2 -3 3 4 5 6 10 8 -10 -11 11 -13 -14 -15 -16 -17 17 18 -20
leaf_value=-0.04165781905604251 -0.017304998962356152 0.032216805806350446 0.027698471546921261 -0.024768507291472664 -0.023217757272043463 0.035489605012921706 -0.013768680691382105 0.016765308272311399 0.026137988211406355 -0.032975261788231035 -0.016277287478558004 0.03101288428754681 -0.023788585600469068 0.0014334588572809458 -0.037384372759920063 0.028168788571641002 0.040759033805424144 -0.055440483231189275 -0.0044034238022450222
leaf_weight=2.2231568209827026 3.3706421107053748 3.274231679737567 4.8269784227013579 4.1667228043079367 6.8207757025957134 5.0627808123827007 5.3383867144584647 3.9050684198737127 4.8079863935709 4.0205537304282188 3.7650024965405446 6.401994027197361 4.1363443210721007 43.844452689401805 2.9133557677268973 2.6795874163508406 3.1096950136125168 2.8200770542025628 9.0086708832532008
leaf_count=16 18 18 23 22 37 27 27 21 23 20 19 38 20 289 25 17 21 42 77
internal_value=-7.5698e-05 0.000395964 -0.000473351 0.00354524 0.000912843 0.00357985 0.0118355 -0.00510377 0.00459901 -0.00846737 0.00411197 0.0135006 -0.00326373 -0.00198897 -0.00858345 -0.0043545 -0.00943264 -0.00463685 -0.0165711
internal_weight=126.496 123.126 119.852 49.1162 44.2893 40.1225 20.5682 19.5544 12.7336 7.92562 15.5054 10.167 70.7353 66.599 22.7545 19.8412 17.1616 14.9384 11.8287
internal_count=800 782 764 257 234 212 111 101 64 41 84 57 507 487 198 173 156 140 119
is_linear=0
shrinkage=0.05


Tree=89
num_leaves=20
num_cat=0
split_feature=1 2 2 1 1 1 3 0 2 2 2 2 2 0 2 2 2 0 2
split_gain=0.399554 1.44586 1.04503 1.87062 0.907997 1.76948 1.49629 1.29967 1.14099 0.80691 1.58991 2.55899 1.58889 2.10392 1.46199 1.30624 1.19375 0.866535 0.769285
threshold=-0.023228463627668262 608.13202560162961 184.51300837386682 -0.028691151378262537 -0.014588641305093077 -0.012461408419237657 44.828393217780231 28.057782908611518 766.83307304841412 562.3278689985865 52.603667137054266 120.98421575805784 597.19514588937875 31.495614549809556 683.1127829445951 706.80129234491403 538.61953330125982 17.642864073096728 211.14731031099737
decision_type=2 2 2 2 2 2 2 2 2 2 2 2 2 2 2 2 2 2 2
left_child=1 2 -1 -4 6 -6 -2 -8 9 10 -7 -12 -11 15 -15 17 18 -14 -13
right_child=4 -3 3 -5 5 8 7 -9 -10 12 11 16 13 14 -16 -17 -18 -19 -20
leaf_value=0.019454441922097901 0.014268858735396945 0.029857657909766633 -0.027493720055338563 0.015720453565692381 0.030576779987698206 0.033489279586705854 -0.052453775970928318 -0.0096565451475898231 -0.025956865328207519 0.036868569484358231 -0.046398292414956327 0.014148719672005939 -0.0030568302404632018 0.044988172042789848 0.0030376808646172407 0.012392078876313641 -0.02872770723160924 -0.033135563486574475 -0.0028998130450707642
leaf_weight=4.2577370684593943 3.0071442648768407 4.947281412780284 6.1716858744621277 4.2141601592302305 4.5746487043797961 2.8135953824967137 3.0617721136659384 4.2175278514623642 4.4587798640131941 3.8659061864018467 3.5064560603350392 7.8395229279994956 4.2873736917972582 3.8077436015009862 4.5689330622553825 4.6411518156528464 3.9679374396800986 5.4233446195721626 42.427072387188673
leaf_count=31 23 26 38 26 27 24 29 23 25 21 46 62 22 22 25 23 19 28 260
internal_value=-7.39335e-05 0.00648833 -0.00140691 -0.00995914 -0.00128143 0.000228604 -0.0154008 -0.0276576 -0.0012869 -2.47211e-05 -0.00321312 -0.00500155 0.00723515 0.0021948 0.0221069 -0.00942719 -0.00232511 -0.0198555 -0.000240943
internal_weight=126.06 19.5909 14.6436 10.3858 106.469 96.1825 10.2864 7.2793 91.6078 87.149 60.5546 57.741 26.5945 22.7285 8.37668 14.3519 54.2345 9.71072 50.2666
internal_count=800 121 95 64 679 604 75 52 577 552 411 387 141 120 47 73 341 50 322
is_linear=0
shrinkage=0.05


Tree=90
num_leaves=20
num_cat=0
split_feature=3 3 3 2 3 3 3 3 3 1 0 1 1 3 3 1 2 3 3
split_gain=0.405197 0.57523 1.86882 1.63744 0.931429 1.3723 1.3238 3.30373 1.43023 1.61661 1.93766 3.26577 2.25591 1.55909 1.81553 1.30529 1.34577 1.1995 2.1563
threshold=190.35658551569364 165.53627675291821 161.77703834179906 320.82085393280812 152.5677198658762 141.16934429178249 133.30617171309788 128.03913182606382 114.75813674902697 0.027219714207999506 38.845509877402002 0.019770851053167778 -0.021320665151710581 25.746591379567842 75.971772099555736 0.01590770908135402 120.98421575805784 102.0922780046282 70.13929056622429
decision_type=2 2 2 2 2 2 2 2 2 2 2 2 2 2 2 2 2 2 2
left_child=1 2 4 -3 5 6 7 8 9 10 11 15 -12 -14 -15 16 -1 18 -18
right_child=-2 3 -4 -5 -6 -7 -8 -9 -10 -11 12 -13 13 14 -16 -17 17 -19 -20
leaf_value=-0.037743679836636061 0.011287400085235717 -0.032630294466034299 0.037196162331672049 0.0018720516720131123 -0.020956902347019385 0.020293657628798232 -0.028283580330899158 0.047877613188894975 -0.022385877117985804 -0.024845552768628584 -0.014797193085335376 0.037470284964012661 0.061802346385023313 -0.008744772012249543 0.044189362622899353 -0.037718866037035115 0.0038081996656747631 0.024386720234462079 -0.022207568895293815
leaf_weight=2.7201478630304328 7.3888230472803107 5.1989982202649108 3.3678579628467551 10.157049003988503 5.3558502346277228 7.99654696881771 4.3354842960834494 3.4606281416490665 7.7821343541145316 5.906279280781745 3.4669415056705466 4.7926086857914916 3.0471341758966428 3.1541126370429993 3.3300320282578468 3.0084999948739997 25.72652512229979 4.0558483414351931 11.536464011296628
leaf_count=45 36 34 18 56 30 45 30 21 48 39 18 26 16 20 20 22 177 23 76
internal_value=-7.23808e-05 -0.0007813 0.000564085 -0.00980919 -0.000673651 0.000478117 -0.0013575 6.63462e-05 -0.00204067 0.00019737 0.00247859 -0.00184956 0.0197403 0.0323031 0.0184404 -0.00585497 -0.00367821 -0.00143557 -0.00424617
internal_weight=125.788 118.399 103.043 15.356 99.6752 94.3194 86.3228 81.9874 78.5267 70.7446 64.8383 51.8401 12.9982 9.53128 6.48414 47.0475 44.039 41.3188 37.263
internal_count=800 764 674 90 656 626 581 551 530 482 443 369 74 56 40 343 321 276 253
is_linear=0
shrinkage=0.05


Tree=91
num_leaves=20
num_cat=0
split_feature=1 2 2 2 2 3 0 0 2 2 3 3 2 3 3 3 3 0 1
split_gain=0.397613 0.358028 1.27395 1.49778 1.17524 0.986367 0.776559 1.09809 0.7783 0.992652 0.74666 1.88882 1.6209 1.51271 1.35906 1.16716 1.06663 1.05014 0.935323
threshold=-0.041351794653448591 748.09185257738056 734.92059386068775 711.46234900372963 679.39313615066169 123.17745213843723 44.240214648824356 42.232417065585054 634.05372106338291 655.66909877645207 55.426994412011204 70.13929056622429 474.22582028999744 89.315726947372823 41.840599316941159 32.375855931530658 99.251436461267105 14.392645346439163 0.02023025987469489
decision_type=2 2 2 2 2 2 2 2 2 2 2 2 2 2 2 2 2 2 2
left_child=-1 2 3 4 6 -3 7 8 10 -10 14 12 -12 -13 15 17 -15 -2 -18
right_child=1 5 -4 -5 -6 -7 -8 -9 9 -11 11 13 -14 16 -16 -17 18 -19 -20
leaf_value=0.015405244839526974 0.017768050679068784 -0.0045345267387942303 -0.031700567345607326 0.030571974641274043 -0.02566216936433928 0.029386351612094228 -0.025388380286781337 0.022556426475661868 0.032062730487941754 -0.001449820127912298 0.00025318541834553449 -0.02429104715319981 0.049350746054663337 0.024038766461448934 -0.036490137252915576 0.016782534090202691 0.00067121010913939738 -0.020414897466328033 -0.022309329687507037
leaf_weight=4.0171793624758712 2.2443166486918988 5.3489579781889898 3.3539560064673415 3.7650909200310698 4.8117417655885211 3.5757777765393257 3.0082632154226294 5.2908642068505278 3.9066055938601476 5.0868500247597694 3.2898550964891902 7.085628116503357 3.437516912817955 4.356178041547536 4.0895389877259722 4.6898170039057723 39.987089367583394 9.110510526224969 4.9790560193359843
leaf_count=24 29 25 17 21 26 23 15 29 20 28 29 53 17 31 39 35 236 67 36
internal_value=-7.12187e-05 -0.000583267 -0.00134802 -0.000415257 -0.00152246 0.00905619 -0.000367407 0.000404164 -0.000866169 0.0131075 -0.00237538 0.000298361 0.0253408 -0.00268827 -0.0107595 -0.00420115 0.000415177 -0.0128679 -0.0018734
internal_weight=125.435 121.418 112.493 109.139 105.374 8.92474 100.562 97.5538 92.263 8.99346 83.2695 63.1353 6.72737 56.408 20.1342 16.0446 49.3223 11.3548 44.9661
internal_count=800 776 728 711 690 48 664 649 620 48 572 402 46 356 170 131 303 96 272
is_linear=0
shrinkage=0.05


Tree=92
num_leaves=20
num_cat=0
split_feature=1 2 2 2 2 1 1 2 2 1 2 2 2 2 2 0 2 2 2
split_gain=0.377452 1.13143 1.26778 1.6325 1.8412 0.86958 1.69729 1.30804 2.00431 1.47273 0.877139 0.771009 1.40086 2.34797 1.30109 1.76996 1.30522 1.19648 1.09315
threshold=-0.023897244550225617 608.13202560162961 188.83207172133532 286.33753498929815 414.24245678202072 -0.013100180702778892 -0.011870702118826435 414.24245678202072 623.85933650371146 -0.018335770147139517 766.83307304841412 562.3278689985865 52.603667137054266 120.98421575805784 597.19514588937875 31.495614549809556 683.1127829445951 665.14411540382423 538.61953330125982
decision_type=2 2 2 2 2 2 2 2 2 2 2 2 2 2 2 2 2 2 2
left_child=1 2 -1 -4 -5 7 -7 9 -9 -2 11 12 -8 -14 -13 17 -17 -16 -15
right_child=5 -3 3 4 -6 6 10 8 -10 -11 -12 14 13 18 15 16 -18 -19 -20
leaf_value=0.022974048956901388 -0.010256422691439119 0.027497102278518728 -0.043061775327001547 0.029899269605247244 -0.02040930211767953 0.03927043928234248 0.031621464825604594 0.023477932863859994 -0.026194355630646916 -0.062834102310460563 -0.02286861897950105 0.034495476594167421 -0.045371824566902308 0.00012015367872070671 -0.023679115645814788 0.043351339261691907 0.0033593460771424626 0.0056239243463602874 -0.027233707181677058
leaf_weight=4.0491428077220943 3.2444935981184235 4.7699097990989676 2.7428773790597898 3.2956787031143904 4.058082714676857 2.7405770979821673 2.8289384953677645 4.2458484806120378 3.8928362429141998 2.2593261804431677 4.2412607595324507 3.833528287708762 3.2981947045773259 49.431650128215551 6.4482302591204661 3.7075565084815008 4.5367302149534225 7.5767335183918476 3.943823590874671
leaf_count=29 27 25 17 22 22 15 24 26 23 23 24 21 45 319 33 22 25 39 19
internal_value=-6.89867e-05 0.00643838 -0.000662545 -0.0101417 0.0021371 -0.00122772 0.000508778 -0.0130127 -0.000280953 -0.0318396 -0.000673562 0.000426077 -0.00271678 -0.00443082 0.00759038 0.00295881 0.0213442 -0.00784868 -0.00190098
internal_weight=125.145 18.9157 14.1458 10.0966 7.35376 106.23 92.5872 13.6425 8.13868 5.50382 89.8466 85.6054 59.5026 56.6737 26.1028 22.2693 8.24429 14.025 53.3755
internal_count=800 115 90 61 44 685 586 99 49 50 571 547 407 383 140 119 47 72 338
is_linear=0
shrinkage=0.05


Tree=93
num_leaves=20
num_cat=0
split_feature=3 3 2 2 0 3 3 3 3 0 1 1 2 1 0 0 3 2 0
split_gain=0.370663 0.533607 0.744481 0.724054 0.522042 1.31501 1.53378 1.14049 1.23771 1.52086 1.19468 1.91533 1.7586 1.60964 1.26407 1.47588 1.12031 0.831364 0.726531
threshold=190.35658551569364 176.07000712615857 779.19763024897679 414.24245678202072 23.556269951655782 162.40607050387777 152.5677198658762 167.48188421930848 151.12492720511889 22.510763549130477 0.0002551339546509451 0.0054389927952080619 659.20170369730215 0.022610433893761956 9.246338712442725 19.945437346665639 65.476149404566655 734.92059386068775 37.070153822660181
decision_type=2 2 2 2 2 2 2 2 2 2 2 2 2 2 2 2 2 2 2
left_child=1 2 4 -3 7 6 17 8 9 10 12 -12 14 -13 -1 16 -16 18 -6
right_child=-2 3 -4 -5 5 -7 -8 -9 -10 -11 11 13 -14 -15 15 -17 -18 -19 -20
leaf_value=-0.03910459363974584 0.010831875073141706 -0.02760479741967159 0.023006779333498695 0.00017773444772018572 -0.00055560386978809192 0.02676583715226924 -0.027923620372456655 -0.038344547250366942 0.028602541624090729 -0.045815496750208351 0.039695235043985783 -0.018347348335520493 -0.04076325909493872 0.02321348359366231 -0.0091056299663890752 -0.023658283745942543 0.030726335920037769 -0.01933075982508348 0.011505154918327883
leaf_weight=2.0170952780172291 7.3410293012857428 4.2034082561731321 3.4784531891345969 5.3046718314290047 32.640832964330912 5.0219622403383246 4.5067888274788848 2.4269069433212271 2.8635652251541606 2.2012758888304225 3.5730318501591674 6.2919722460210306 3.9681217893958083 3.6994849890470505 2.7843048442155105 3.3555877469480038 4.8233691975474358 4.0935629308223715 20.222757432609797
leaf_count=28 36 27 20 27 190 27 24 18 18 15 25 61 23 24 37 22 43 21 114
internal_value=-6.79389e-05 -0.000749057 0.000250945 -0.0121046 -0.000506588 0.00216542 0.000155425 -0.00518104 -0.00291882 -0.00567797 -0.00278235 0.0082767 -0.0116333 -0.00295883 -0.00272824 0.00396453 0.0161484 0.00237721 0.00405819
internal_weight=124.818 117.477 107.969 9.50808 104.491 66.4859 61.4639 38.0047 35.5778 32.7142 30.513 13.5645 16.9485 9.99146 12.9804 10.9633 7.60767 56.9572 52.8636
internal_count=800 764 710 54 690 376 349 314 296 278 263 110 153 85 130 102 80 325 304
is_linear=0
shrinkage=0.05


Tree=94
num_leaves=20
num_cat=0
split_feature=1 2 2 1 1 1 3 2 2 2 1 0 0 3 0 1 2 2 3
split_gain=0.366779 1.06061 1.1469 1.59854 0.772104 1.48598 1.2698 2.71296 1.11697 1.21086 0.934854 1.1906 1.59588 1.73527 1.28865 2.13542 1.12366 2.46161 1.63481
threshold=-0.023897244550225617 608.13202560162961 188.83207172133532 -0.028691151378262537 -0.013100180702778892 -0.011232895703084731 36.229667691123574 414.24245678202072 52.603667137054266 137.62155305120933 -0.0089712803919459582 17.068789611807365 22.510763549130477 119.84772696132218 26.43005651555281 0.012055893900617213 237.94845244792833 530.4715283807858 69.42274700321623
decision_type=2 2 2 2 2 2 2 2 2 2 2 2 2 2 2 2 2 2 2
left_child=1 2 -1 -4 6 -6 -2 -8 -7 -10 -11 16 13 -13 15 -14 -12 -18 -19
right_child=4 -3 3 -5 5 8 7 -9 9 10 11 12 14 -15 -16 -17 17 18 -20
leaf_value=0.021913656602274179 0.014958641887359687 0.02687266580434032 -0.025666048664834181 0.015217007804447623 0.027124259223669872 0.029620636395561367 -0.052959762574208681 -0.00026803600634887572 -0.02768942462916392 -0.024260975581490832 0.024458699980281089 0.0016496822977104062 -0.043214530924775049 0.046069203824214103 0.0040136181428589756 0.0084721452202268354 -0.043495579576673438 -0.024229037187026643 0.01560644596274016
leaf_weight=4.0585397072136429 3.2247587963938704 4.7221856936812392 6.0811607204377651 3.9401802420616132 4.9309882260859004 2.8640521913766852 4.0303839854896051 6.2018842287361622 4.3924965709447852 4.0085716545581809 2.0001346468925503 4.4519706554710847 4.0808457881212226 4.3440313339233398 41.551925890147686 3.9158478900790215 5.1941200178116551 4.4997709915041906 6.0228049159049988
leaf_count=29 25 25 38 23 27 24 38 36 55 29 18 30 24 21 221 22 62 24 29
internal_value=-6.75845e-05 0.00636704 -0.000510244 -0.00959169 -0.00121203 0.00041995 -0.0124004 -0.0210228 -0.00108794 -0.00212924 -0.000727054 0.000513225 0.0039604 0.0235869 0.000476247 -0.0179044 -0.0108389 -0.0153309 -0.00142841
internal_weight=124.517 18.8021 14.0799 10.0213 105.715 92.2576 13.457 10.2323 87.3266 84.4625 80.07 76.0615 58.3446 8.796 49.5486 7.99669 17.7168 15.7167 10.5226
internal_count=800 115 90 61 685 586 99 74 559 535 480 451 318 51 267 46 133 115 53
is_linear=0
shrinkage=0.05


Tree=95
num_leaves=20
num_cat=0
split_feature=0 0 3 1 2 0 2 1 1 0 0 2 3 3 3 2 0 2 3
split_gain=0.368765 0.89767 0.946123 1.73007 0.721976 1.36312 0.836676 0.6361 0.710999 1.90381 1.37807 1.37086 1.5378 2.95154 0.841919 0.731237 2.96529 2.64661 0.753167
threshold=44.175906285877453 42.232417065585054 12.623470516502302 0.0018309660200663111 77.56180879594659 17.006639665915309 102.56007283646551 -0.041351794653448591 -0.013100180702778892 36.712196180075033 40.459208977911551 393.40443620796844 148.27780096320734 71.704827136142399 190.83765558306229 192.98890302659296 25.163183244106587 211.14731031099737 77.339105188884773
decision_type=2 2 2 2 2 2 2 2 2 2 2 2 2 2 2 2 2 2 2
left_child=1 2 3 -1 5 -4 -6 -8 9 11 14 -9 13 -13 15 16 -10 -17 -19
right_child=-2 -3 4 -5 6 -7 7 8 10 -11 -12 12 -14 -15 -16 17 -18 18 -20
leaf_value=0.0062671440822434504 -0.015218266351448184 0.019013335686206324 0.015958598430890533 -0.048604519721764314 0.025600724210765737 -0.042592696483137266 0.021499463276965045 -0.021786536178011316 0.016590940370369817 -0.04186466514991545 0.033919592561395068 0.021902307706773153 0.033929642598574776 -0.035192614507174716 -0.023257166532800591 0.070137035968533476 -0.061248393917016856 -0.0055330364370871571 0.0059320632652316426
leaf_weight=2.9620033502578726 3.8910298049449912 6.1598590947687617 1.6235489230602969 2.7892200574278831 3.42153619788587 2.5636693928390741 3.4685149490833274 5.9014916159212651 2.8724845834076396 3.5203422605991355 3.2442935034632674 5.0190633833408338 3.8194188028573981 4.1230391934514046 3.5157581418752661 1.4468790963292111 2.1313427835702896 22.628895135596395 39.03237184509635
leaf_count=28 21 36 19 19 31 29 20 54 30 19 18 27 21 25 17 7 21 143 215
internal_value=-6.87992e-05 0.00042143 -0.000582423 -0.0203444 0.000466713 -0.0198901 0.00128517 0.000459181 -0.000291199 -0.00811009 0.00204629 -0.00181058 0.00728464 -0.0038472 0.000602632 0.00183421 -0.0165641 0.00329301 0.00172452
internal_weight=124.135 120.244 114.084 5.75122 108.333 4.18722 104.145 100.724 97.2554 22.3834 74.872 18.863 12.9615 9.1421 71.6277 68.112 5.00383 63.1081 61.6613
internal_count=800 779 743 47 696 48 648 617 597 146 451 127 73 52 433 416 51 365 358
is_linear=0
shrinkage=0.05


Tree=96
num_leaves=20
num_cat=0
split_feature=3 3 3 2 3 3 3 3 2 3 1 0 1 1 3 3 1 2 2
split_gain=0.364683 0.518669 1.56032 1.38566 0.783471 1.21319 1.26271 2.60503 1.04761 0.931359 1.48799 1.56337 2.79778 2.01795 1.38647 1.63505 1.16932 1.2348 1.02806
threshold=190.35658551569364 165.53627675291821 161.77703834179906 320.82085393280812 152.5677198658762 141.16934429178249 131.52948665396084 126.79875276638647 412.62986023064099 114.75813674902697 0.027219714207999506 38.845509877402002 0.019770851053167778 -0.021320665151710581 25.746591379567842 75.971772099555736 0.01590770908135402 120.98421575805784 315.01884293466361
decision_type=2 2 2 2 2 2 2 2 2 2 2 2 2 2 2 2 2 2 2
left_child=1 2 4 -3 5 6 7 9 -7 10 11 12 16 -13 -15 -16 17 -1 -19
right_child=-2 3 -4 -5 -6 8 -8 -9 -10 -11 -12 13 -14 14 15 -17 -18 18 -20
leaf_value=-0.036650617962536138 0.010799993136506045 -0.030831985030246086 0.034311131964497005 0.001361227414612416 -0.019373875849971758 0.040370808429177452 -0.025599421932193896 0.045408045922978757 0.0035138130636396901 -0.018632654650086393 -0.023925776091402604 -0.01483459727695363 0.034740171859254369 0.057884851936203824 -0.0087476835512402071 0.04186676089800348 -0.03584077102539792 0.014346787041729071 -0.0051658293529261599
leaf_weight=2.5943956393748513 7.2652858942747107 5.0262592248618594 3.3081002607941619 9.9776460602879506 5.260317549109458 3.360531795769929 5.0215256847441188 3.0708288773894301 4.5226427279412746 7.2323403973132363 5.847102176398038 3.4243910536169997 4.8245237469673148 3.0234534814953786 3.1634167544543743 3.2194464281201363 2.9301777835935345 8.5412198547273857 32.195170713588595
leaf_count=45 36 34 18 56 30 20 36 18 25 45 39 18 26 16 20 20 22 83 193
internal_value=-6.8514e-05 -0.000746053 0.000536146 -0.00942339 -0.00060128 0.000460875 -0.00127763 0.000247759 0.0192256 -0.00155338 0.000217228 0.00242585 -0.00149312 0.0180292 0.0299934 0.0167817 -0.00527187 -0.00320469 -0.00107461
internal_weight=123.809 116.543 101.54 15.0039 98.2315 92.9712 85.088 80.0665 7.88317 76.9956 69.7633 63.9162 51.0855 12.8307 9.40632 6.38286 46.261 43.3308 40.7364
internal_count=800 764 674 90 656 626 581 545 45 527 482 443 369 74 56 40 343 321 276
is_linear=0
shrinkage=0.05


Tree=97
num_leaves=20
num_cat=0
split_feature=1 2 2 1 1 1 2 0 2 2 2 2 2 2 2 2 2 3 3
split_gain=0.35365 1.01956 0.792651 1.60291 0.739692 1.68748 1.2526 1.4293 1.01662 0.832168 1.36737 1.33908 1.14863 2.16479 0.896623 1.29458 0.941244 0.660643 1.86216
threshold=-0.023228463627668262 608.13202560162961 184.51300837386682 -0.028691151378262537 -0.014588641305093077 -0.012461408419237657 643.50685567714083 27.896873279849746 766.83307304841412 706.80129234491403 677.19275303663687 637.96972449668101 52.603667137054266 120.98421575805784 605.98604213316105 562.3278689985865 538.61953330125982 145.93300214767072 129.60573061773053
decision_type=2 2 2 2 2 2 2 2 2 2 2 2 2 2 2 2 2 2 2
left_child=1 2 -1 -4 6 -6 7 -2 9 10 11 12 -7 -14 15 16 17 18 -15
right_child=4 -3 3 -5 5 8 -8 -9 -10 -11 -12 -13 13 14 -16 -17 -18 -19 -20
leaf_value=0.017683772336794464 -0.029611218280302266 0.026134499742549579 -0.02451224407447165 0.015882924855904323 0.030226147970902922 0.028813638855356368 -0.04537151900096266 0.014691860141839447 -0.024654582136652281 0.015690308858345766 -0.033513142446926748 0.022235869132739675 -0.044165311326443572 -0.0018009150020527062 -0.02414463407173964 0.024239160230836731 -0.02596355693731095 -0.0096709323358168519 0.029374340753671669
leaf_weight=4.2398985829204348 3.1565534668043238 4.7968116253614417 6.0258774254471064 4.1450455300509912 4.4435598775744429 2.8478730693459502 2.4336138479411602 4.3012246489524841 4.4438495188951483 7.5793749243021002 3.2303435727953902 6.0638192221522322 3.1353458724915972 30.057548897340894 4.1181316748261443 5.0320638194680205 3.8922904431819907 13.922717832028864 5.6980836279690257
leaf_count=31 35 26 38 26 27 24 15 25 25 41 17 32 46 214 23 28 19 78 30
internal_value=-6.72367e-05 0.00616772 -0.000478455 -0.00804965 -0.00121483 0.000147333 -0.0142238 -0.00405971 -0.00133739 -0.000126583 -0.00166357 -0.000287509 -0.00227542 -0.00361983 -0.00159301 -8.25911e-06 -0.0022859 -0.000430757 0.00316723
internal_weight=123.564 19.2076 14.4108 10.1709 104.356 94.465 9.89139 7.45778 90.0214 85.5776 77.9982 74.7679 68.7041 65.8562 62.7208 58.6027 53.5706 49.6784 35.7556
internal_count=800 121 95 64 679 604 75 60 577 552 511 494 462 438 392 369 341 322 244
is_linear=0
shrinkage=0.05


Tree=98
num_leaves=20
num_cat=0
split_feature=3 2 1 0 0 0 1 0 3 3 0 2 2 0 0 2 2 2 2
split_gain=0.35641 0.515737 1.38244 0.555862 2.28321 1.98141 1.6678 1.8918 1.41055 1.27739 1.2068 1.45201 2.82934 1.16992 2.29094 1.54011 2.11414 1.53934 2.76592
threshold=190.35658551569364 77.56180879594659 0.0042596950766613231 18.639557259465043 19.945437346665639 21.107798965883081 0.0054389927952080619 9.4959229042650666 133.30617171309788 12.623470516502302 22.301310652857421 131.99417459662001 192.98890302659296 39.240791307302885 37.944945621475462 306.57724540149439 478.62762829640883 698.2279878083408 657.15724491425829
decision_type=2 2 2 2 2 2 2 2 2 2 2 2 2 2 2 2 2 2 2
left_child=1 2 -1 6 -5 -6 -3 -8 -9 -7 -11 -12 -13 14 17 -15 -17 18 -14
right_child=-2 3 -4 4 5 9 7 8 -10 10 11 12 13 15 -16 16 -18 -19 -20
leaf_value=-0.041482702704873115 0.010698675263826903 0.0020089682110867083 0.015454381455213818 0.050895766745375881 -0.040681840511848172 -0.024763135980477878 0.010745734989651236 -0.019516878502859367 -0.067675488247863055 0.03416705856526419 0.033127400120510173 -0.041266074577070003 0.0043904550574945175 -0.037344303308682346 0.043070153625293088 0.027304650420309742 -0.017478759848403958 0.025962985879173863 -0.039857475478389047
leaf_weight=2.5388801265507928 7.2378116548061362 20.204125089570883 1.8378001619130371 2.3226446174085131 2.8037841171026221 4.1836929768323889 2.7620129454880935 3.7874502036720514 2.540292676538229 3.1010847575962535 3.6203056201338759 3.8024722747504702 33.320914089679718 3.6494904831051818 4.0200268700718871 4.3413419425487501 6.706382755190134 6.5619275793433181 3.9505042508244506
leaf_count=33 36 163 20 14 17 25 25 35 19 18 27 32 177 18 21 22 42 35 21
internal_value=-6.60814e-05 -0.000737429 -0.0175744 -7.75873e-05 0.00202587 0.000608127 -0.00599325 -0.0237801 -0.0388503 0.00210659 0.00364494 0.00229226 0.000609859 0.00315551 0.00694512 -0.00918324 0.000119443 0.00363203 -0.00029951
internal_weight=123.293 116.055 4.37668 111.678 82.3846 80.0619 29.2939 9.08976 6.32774 77.2581 73.0745 69.9734 66.3531 62.5506 47.8534 14.6972 11.0477 43.8333 37.2714
internal_count=800 764 53 711 469 455 242 79 54 438 413 395 368 336 254 82 64 233 198
is_linear=0
shrinkage=0.05


Tree=99
num_leaves=20
num_cat=0
split_feature=3 2 1 2 2 0 3 0 2 1 2 2 1 1 1 3 3 1 2
split_gain=0.32212 0.472345 1.28658 0.56615 0.598393 0.551445 2.94388 1.21 0.901868 0.951655 1.65115 1.21288 1.69188 2.80296 2.0795 1.28461 2.31593 1.40982 1.20661
threshold=190.35658551569364 77.56180879594659 0.0042596950766613231 102.56007283646551 140.33958757098722 9.4959229042650666 69.42274700321623 10.638709712653748 192.98890302659296 -0.0031404664337898293 244.35999306881848 706.80129234491403 0.01590770908135402 0.011691012049054617 0.031569537079135186 140.57290951427748 102.0922780046282 0.0059846817754901664 240.73998109672678
decision_type=2 2 2 2 2 2 2 2 2 2 2 2 2 2 2 2 2 2 2
left_child=1 2 -1 -3 -5 6 -6 -7 -9 18 -11 12 13 15 -14 16 17 -12 -10
right_child=-2 3 -4 4 5 7 -8 8 9 10 11 -13 14 -15 -16 -17 -18 -19 -20
leaf_value=-0.040568394842182137 0.010170411386606765 0.020439599244380054 0.014543447423661388 -0.021943554917081456 -0.032946122875954532 -0.034200448536510893 0.032808293548416807 -0.022824421059659438 -0.038077053614091055 0.034854584270869557 0.0098347717229235864 0.020878766240080945 -0.023598185449531496 0.03944180068389657 0.019920589687733026 -0.023202530300177313 0.038705760481191065 -0.028363208275473339 -0.0026760466100269301
leaf_weight=2.4681093078106633 7.2331852316856375 3.2641033176332703 1.8548143878579137 3.2151016406714907 2.4585545621812335 2.6821949966251841 5.5330374157056212 4.1881496366113415 2.5806452427059332 4.3396570105105701 5.5841333344578796 7.6400873064994803 12.065083313733338 5.3267779015004626 3.5535114035010329 5.0533230304718009 3.9323284588754168 4.2571599539369345 35.771440105512738
leaf_count=33 36 31 20 33 28 27 38 37 22 24 29 44 69 28 20 27 22 24 208
internal_value=-6.6139e-05 -0.000705718 -0.0169218 -7.66998e-05 -0.000695729 -4.491e-05 0.0125794 -0.00108527 -0.000143293 0.000910953 0.00533447 0.0026325 -0.000872528 0.00742012 -0.0136969 -0.00163989 0.0062711 -0.00668896 -0.00505812
internal_weight=123.001 115.768 4.32292 111.445 108.181 104.966 7.99159 96.9745 94.2923 90.1041 51.7521 47.4124 39.7723 24.1537 15.6186 18.8269 13.7736 9.84129 38.3521
internal_count=800 764 53 711 680 647 66 581 554 517 287 263 219 130 89 102 75 53 230
is_linear=0
shrinkage=0.05


end of trees

feature_importances:
swi_mm=543
rainfall_24h_mm=504
mean_curvature=466
mean_slope_deg=387

parameters:
[boosting: gbdt]
[objective: binary]
[metric: binary_logloss]
[tree_learner: serial]
[device_type: cpu]
[data_sample_strategy: bagging]
[data: ]
[valid: ]
[num_iterations: 100]
[learning_rate: 0.05]
[num_leaves: 20]
[num_threads: 8]
[seed: 42]
[deterministic: 0]
[force_col_wise: 0]
[force_row_wise: 0]
[histogram_pool_size: -1]
[max_depth: -1]
[min_data_in_leaf: 20]
[min_sum_hessian_in_leaf: 0.001]
[bagging_fraction: 1]
[pos_bagging_fraction: 1]
[neg_bagging_fraction: 1]
[bagging_freq: 0]
[bagging_seed: 400]
[bagging_by_query: 0]
[feature_fraction: 1]
[feature_fraction_bynode: 1]
[feature_fraction_seed: 30056]
[extra_trees: 0]
[extra_seed: 12879]
[early_stopping_round: 0]
[early_stopping_min_delta: 0]
[first_metric_only: 0]
[max_delta_step: 0]
[lambda_l1: 0]
[lambda_l2: 0]
[linear_lambda: 0]
[min_gain_to_split: 0]
[drop_rate: 0.1]
[max_drop: 50]
[skip_drop: 0.5]
[xgboost_dart_mode: 0]
[uniform_drop: 0]
[drop_seed: 17869]
[top_rate: 0.2]
[other_rate: 0.1]
[min_data_per_group: 100]
[max_cat_threshold: 32]
[cat_l2: 10]
[cat_smooth: 10]
[max_cat_to_onehot: 4]
[top_k: 20]
[monotone_constraints: ]
[monotone_constraints_method: basic]
[monotone_penalty: 0]
[feature_contri: ]
[forcedsplits_filename: ]
[refit_decay_rate: 0.9]
[cegb_tradeoff: 1]
[cegb_penalty_split: 0]
[cegb_penalty_feature_lazy: ]
[cegb_penalty_feature_coupled: ]
[path_smooth: 0]
[interaction_constraints: ]
[verbosity: -1]
[saved_feature_importance_type: 0]
[use_quantized_grad: 0]
[num_grad_quant_bins: 4]
[quant_train_renew_leaf: 0]
[stochastic_rounding: 1]
[linear_tree: 0]
[max_bin: 255]
[max_bin_by_feature: ]
[min_data_in_bin: 3]
[bin_construct_sample_cnt: 200000]
[data_random_seed: 175]
[is_enable_sparse: 1]
[enable_bundle: 1]
[use_missing: 1]
[zero_as_missing: 0]
[feature_pre_filter: 1]
[pre_partition: 0]
[two_round: 0]
[header: 0]
[label_column: ]
[weight_column: ]
[group_column: ]
[ignore_column: ]
[categorical_feature: ]
[forcedbins_filename: ]
[precise_float_parser: 0]
[parser_config_file: ]
[objective_seed: 16083]
[num_class: 1]
[is_unbalance: 0]
[scale_pos_weight: 1]
[sigmoid: 1]
[boost_from_average: 1]
[reg_sqrt: 0]
[alpha: 0.9]
[fair_c: 1]
[poisson_max_delta_step: 0.7]
[tweedie_variance_power: 1.5]
[lambdarank_truncation_level: 30]
[lambdarank_norm: 1]
[label_gain: ]
[lambdarank_position_bias_regularization: 0]
[eval_at: ]
[multi_error_top_k: 1]
[auc_mu_weights: ]
[num_machines: 1]
[local_listen_port: 12400]
[time_out: 120]
[machine_list_filename: ]
[machines: ]
[gpu_platform_id: -1]
[gpu_device_id: -1]
[gpu_device_id_list: ]
[gpu_use_dp: 0]
[num_gpu: 1]

end of parameters

pandas_categorical:[]
